{
  "Version": 3,
  "Meta": {
    "Duration": 4.8,
    "Fps": 30.0,
    "Loop": true,
    "AreBeziersRestricted": true,
    "CurveCount": 152,
    "TotalSegmentCount": 383,
    "TotalPointCount": 1121,
    "UserDataCount": 0,
    "TotalUserDataSize": 0
  },
  "Curves": [
    {
      "Target": "Parameter",
      "Id": "ParamAngleX",
      "Segments": [
        0,
        0,
        1,
        0.533,
        0,
        1.067,
        -5,
        1.6,
        -5,
        1,
        2.667,
        -5,
        3.733,
        -0.103,
        4.8,
        -0.002
      ]
    },
    {
      "Target": "Parameter",
      "Id": "ParamAngleZ",
      "Segments": [
        0,
        0,
        1,
        0.8,
        0,
        1.6,
        -4,
        2.4,
        -4,
        1,
        3.2,
        -4,
        4,
        -0.109,
        4.8,
        -0.002
      ]
    },
    {
      "Target": "Parameter",
      "Id": "ParamEyeLOpen",
      "Segments": [
        0,
        1,
        2,
        0.6,
        1,
        1,
        0.667,
        1,
        0.733,
        0,
        0.8,
        0,
        1,
        0.9,
        0,
        1,
        0.9,
        1.1,
        0.9,
        1,
        1.689,
        0.9,
        2.278,
        0.873,
        2.867,
        0.8,
        1,
        2.922,
        0.793,
        2.978,
        0,
        3.033,
        0,
        1,
        3.144,
        0,
        3.256,
        1,
        3.367,
        1,
        2,
        4.8,
        1
      ]
    },
    {
      "Target": "Parameter",
      "Id": "ParamEyeROpen",
      "Segments": [
        0,
        1,
        2,
        0.6,
        1,
        1,
        0.667,
        1,
        0.733,
        0,
        0.8,
        0,
        1,
        0.9,
        0,
        1,
        0.9,
        1.1,
        0.9,
        1,
        1.689,
        0.9,
        2.278,
        0.873,
        2.867,
        0.8,
        1,
        2.922,
        0.793,
        2.978,
        0,
        3.033,
        0,
        1,
        3.144,
        0,
        3.256,
        1,
        3.367,
        1,
        2,
        4.8,
        1
      ]
    },
    {
      "Target": "Parameter",
      "Id": "ParamEyeBallX",
      "Segments": [
        0,
        0,
        1,
        0.478,
        0,
        0.955,
        -0.4,
        1.433,
        -0.4,
        2,
        3.033,
        -0.4,
        1,
        3.044,
        -0.4,
        3.056,
        0,
        3.067,
        0,
        2,
        4.8,
        0
      ]
    },
    {
      "Target": "Parameter",
      "Id": "TKDX",
      "Segments": [
        0,
        0,
        1,
        0.2,
        0,
        0.4,
        0.1,
        0.6,
        0.5,
        1,
        0.667,
        0.633,
        0.733,
        1,
        0.8,
        1,
        1,
        0.9,
        1,
        1,
        -1,
        1.1,
        -1,
        1,
        1.211,
        -1,
        1.322,
        0.3,
        1.433,
        0.3,
        1,
        1.566,
        0.3,
        1.7,
        0,
        1.833,
        0,
        2,
        2.867,
        0,
        1,
        2.922,
        0,
        2.978,
        1,
        3.033,
        1,
        1,
        3.144,
        1,
        3.256,
        -1,
        3.367,
        -1,
        1,
        3.5,
        -1,
        3.634,
        0.5,
        3.767,
        0.5,
        1,
        3.889,
        0.5,
        4.011,
        0,
        4.133,
        0,
        2,
        4.8,
        0
      ]
    },
    {
      "Target": "Parameter",
      "Id": "GGDONGHUA",
      "Segments": [
        0,
        0,
        1,
        0.133,
        0,
        0.267,
        0.684,
        0.4,
        0.684,
        1,
        0.533,
        0.684,
        0.667,
        0,
        0.8,
        0,
        1,
        0.867,
        0,
        0.933,
        1,
        1,
        1,
        1,
        1.056,
        1,
        1.111,
        0,
        1.167,
        0,
        1,
        1.234,
        0,
        1.3,
        0.798,
        1.367,
        0.798,
        1,
        1.411,
        0.798,
        1.456,
        0,
        1.5,
        0,
        1,
        1.567,
        0,
        1.633,
        0.551,
        1.7,
        0.551,
        1,
        1.756,
        0.551,
        1.811,
        0,
        1.867,
        0,
        1,
        2.067,
        0,
        2.267,
        0.647,
        2.467,
        0.647,
        1,
        2.656,
        0.647,
        2.844,
        0,
        3.033,
        0,
        1,
        3.1,
        0,
        3.166,
        1,
        3.233,
        1,
        1,
        3.289,
        1,
        3.344,
        0,
        3.4,
        0,
        1,
        3.467,
        0,
        3.533,
        0.798,
        3.6,
        0.798,
        1,
        3.644,
        0.798,
        3.689,
        0,
        3.733,
        0,
        1,
        3.8,
        0,
        3.866,
        0.551,
        3.933,
        0.551,
        1,
        3.989,
        0.551,
        4.044,
        0,
        4.1,
        0,
        1,
        4.233,
        0,
        4.367,
        0.3,
        4.5,
        0.3,
        1,
        4.6,
        0.3,
        4.7,
        0.057,
        4.8,
        0.008
      ]
    },
    {
      "Target": "Parameter",
      "Id": "erhuanYB",
      "Segments": [
        0,
        0,
        1,
        0.3,
        0,
        0.6,
        -0.5,
        0.9,
        -0.5,
        1,
        1.3,
        -0.5,
        1.7,
        0.159,
        2.1,
        0.159,
        1,
        2.6,
        0.159,
        3.1,
        -0.5,
        3.6,
        -0.5,
        1,
        4,
        -0.5,
        4.4,
        -0.027,
        4.8,
        -0.001
      ]
    },
    {
      "Target": "Parameter",
      "Id": "ParamBrowLY",
      "Segments": [
        0,
        0,
        2,
        0.6,
        0,
        1,
        0.667,
        0,
        0.733,
        -1,
        0.8,
        -1,
        1,
        0.9,
        -1,
        1,
        0.3,
        1.1,
        0.3,
        1,
        1.689,
        0.3,
        2.278,
        0.218,
        2.867,
        0,
        1,
        2.922,
        -0.021,
        2.978,
        -1,
        3.033,
        -1,
        1,
        3.144,
        -1,
        3.256,
        0.1,
        3.367,
        0.1,
        1,
        3.845,
        0.1,
        4.322,
        0.004,
        4.8,
        0
      ]
    },
    {
      "Target": "Parameter",
      "Id": "ParamBrowRY",
      "Segments": [
        0,
        0,
        2,
        0.6,
        0,
        1,
        0.667,
        0,
        0.733,
        -1,
        0.8,
        -1,
        1,
        0.9,
        -1,
        1,
        0.3,
        1.1,
        0.3,
        1,
        1.689,
        0.3,
        2.278,
        0.218,
        2.867,
        0,
        1,
        2.922,
        -0.021,
        2.978,
        -1,
        3.033,
        -1,
        1,
        3.144,
        -1,
        3.256,
        0.1,
        3.367,
        0.1,
        1,
        3.845,
        0.1,
        4.322,
        0.004,
        4.8,
        0
      ]
    },
    {
      "Target": "Parameter",
      "Id": "ParamBodyAngleX",
      "Segments": [
        0,
        0,
        1,
        0.8,
        0,
        1.6,
        10,
        2.4,
        10,
        1,
        3.2,
        10,
        4,
        0.272,
        4.8,
        0.006
      ]
    },
    {
      "Target": "Parameter",
      "Id": "xiashenX",
      "Segments": [
        0,
        0,
        1,
        0.4,
        -0.394,
        0.8,
        -0.6,
        1.2,
        -0.6,
        1,
        2,
        -0.6,
        2.8,
        0.6,
        3.6,
        0.6,
        1,
        4,
        0.6,
        4.4,
        0.416,
        4.8,
        0.032
      ]
    },
    {
      "Target": "Parameter",
      "Id": "XIASHENY",
      "Segments": [
        0,
        0,
        1,
        0.356,
        0,
        0.711,
        -0.618,
        1.067,
        -0.618,
        1,
        1.567,
        -0.618,
        2.067,
        1,
        2.567,
        1,
        1,
        3.311,
        1,
        4.056,
        0.805,
        4.8,
        0.035
      ]
    },
    {
      "Target": "Parameter",
      "Id": "ParamBodyAngleZ",
      "Segments": [
        0,
        0,
        1,
        0.8,
        0,
        1.6,
        -1,
        2.4,
        -1,
        1,
        3.2,
        -1,
        4,
        -0.027,
        4.8,
        -0.001
      ]
    },
    {
      "Target": "Parameter",
      "Id": "XDYB",
      "Segments": [
        0,
        -0.002,
        1,
        0.178,
        -0.002,
        0.355,
        -0.439,
        0.533,
        -0.439,
        1,
        0.789,
        -0.439,
        1.044,
        0.258,
        1.3,
        0.258,
        1,
        1.578,
        0.258,
        1.855,
        -0.369,
        2.133,
        -0.369,
        1,
        2.422,
        -0.369,
        2.711,
        0.286,
        3,
        0.286,
        1,
        3.3,
        0.286,
        3.6,
        -0.296,
        3.9,
        -0.296,
        1,
        4.089,
        -0.296,
        4.278,
        0.211,
        4.467,
        0.211,
        1,
        4.578,
        0.211,
        4.689,
        0.176,
        4.8,
        0.041
      ]
    },
    {
      "Target": "Parameter",
      "Id": "ZXSBX",
      "Segments": [
        0,
        0,
        1,
        0.2,
        0.648,
        0.4,
        1,
        0.6,
        1,
        1,
        0.8,
        1,
        1,
        0.685,
        1.2,
        0,
        1,
        1.389,
        -0.647,
        1.578,
        -1,
        1.767,
        -1,
        1,
        1.978,
        -1,
        2.189,
        -0.684,
        2.4,
        0,
        1,
        2.6,
        0.648,
        2.8,
        1,
        3,
        1,
        1,
        3.2,
        1,
        3.4,
        0.667,
        3.6,
        0,
        1,
        3.8,
        -0.667,
        4,
        -1,
        4.2,
        -1,
        1,
        4.4,
        -1,
        4.6,
        -0.717,
        4.8,
        -0.105
      ]
    },
    {
      "Target": "Parameter",
      "Id": "ZXSDX",
      "Segments": [
        0,
        0,
        1,
        0.2,
        0,
        0.4,
        -0.068,
        0.6,
        -0.376,
        1,
        0.8,
        -0.683,
        1,
        -0.973,
        1.2,
        -0.973,
        1,
        1.389,
        -0.973,
        1.578,
        -0.98,
        1.767,
        -0.767,
        1,
        1.978,
        -0.529,
        2.189,
        -0.065,
        2.4,
        -0.065,
        1,
        2.6,
        -0.065,
        2.8,
        -0.057,
        3,
        -0.112,
        1,
        3.2,
        -0.167,
        3.4,
        -0.64,
        3.6,
        -0.794,
        1,
        3.8,
        -0.948,
        4,
        -0.969,
        4.2,
        -0.969,
        1,
        4.4,
        -0.969,
        4.6,
        -0.099,
        4.8,
        -0.008
      ]
    },
    {
      "Target": "Parameter",
      "Id": "YXSBX",
      "Segments": [
        0,
        0,
        1,
        0.2,
        0.389,
        0.4,
        0.6,
        0.6,
        0.6,
        1,
        0.8,
        0.6,
        1,
        0.507,
        1.2,
        0,
        1,
        1.389,
        -0.478,
        1.578,
        -1,
        1.767,
        -1,
        1,
        1.978,
        -1,
        2.189,
        -0.684,
        2.4,
        0,
        1,
        2.6,
        0.648,
        2.8,
        1,
        3,
        1,
        1,
        3.2,
        1,
        3.4,
        0.5,
        3.6,
        0,
        1,
        3.8,
        -0.5,
        4,
        -0.6,
        4.2,
        -0.6,
        1,
        4.4,
        -0.6,
        4.6,
        -0.43,
        4.8,
        -0.063
      ]
    },
    {
      "Target": "Parameter",
      "Id": "YXSDX",
      "Segments": [
        0,
        0,
        1,
        0.2,
        0,
        0.4,
        -0.184,
        0.6,
        -0.507,
        1,
        0.8,
        -0.831,
        1,
        -0.973,
        1.2,
        -0.973,
        1,
        1.389,
        -0.973,
        1.578,
        -0.977,
        1.767,
        -0.761,
        1,
        1.978,
        -0.519,
        2.189,
        -0.066,
        2.4,
        -0.066,
        1,
        2.6,
        -0.066,
        2.8,
        -0.058,
        3,
        -0.114,
        1,
        3.2,
        -0.169,
        3.4,
        -0.665,
        3.6,
        -0.787,
        1,
        3.8,
        -0.908,
        4,
        -0.912,
        4.2,
        -0.912,
        1,
        4.4,
        -0.912,
        4.6,
        -0.093,
        4.8,
        -0.007
      ]
    },
    {
      "Target": "Parameter",
      "Id": "ParamBreath",
      "Segments": [
        0,
        0,
        1,
        0.267,
        0,
        0.533,
        1,
        0.8,
        1,
        1,
        1.333,
        1,
        1.867,
        0,
        2.4,
        0,
        1,
        2.678,
        0,
        2.955,
        1,
        3.233,
        1,
        1,
        3.755,
        1,
        4.278,
        0.041,
        4.8,
        0.001
      ]
    },
    {
      "Target": "Parameter",
      "Id": "ParamHairSide",
      "Segments": [
        0,
        0,
        1,
        0.244,
        0,
        0.489,
        -0.392,
        0.733,
        -0.392,
        1,
        1.033,
        -0.392,
        1.333,
        0.376,
        1.633,
        0.376,
        1,
        1.9,
        0.376,
        2.166,
        -0.271,
        2.433,
        -0.271,
        1,
        2.766,
        -0.271,
        3.1,
        0.281,
        3.433,
        0.281,
        1,
        3.733,
        0.281,
        4.033,
        -0.193,
        4.333,
        -0.193,
        1,
        4.489,
        -0.193,
        4.644,
        -0.025,
        4.8,
        -0.002
      ]
    },
    {
      "Target": "Parameter",
      "Id": "ZSBX",
      "Segments": [
        0,
        0,
        1,
        0.533,
        0,
        1.067,
        0.104,
        1.6,
        0.104,
        1,
        2.667,
        0.104,
        3.733,
        0.002,
        4.8,
        0
      ]
    },
    {
      "Target": "Parameter",
      "Id": "ZXBXZ",
      "Segments": [
        0,
        0,
        1,
        0.533,
        0,
        1.067,
        -0.441,
        1.6,
        -0.441,
        1,
        2.667,
        -0.441,
        3.733,
        -0.009,
        4.8,
        0
      ]
    },
    {
      "Target": "Parameter",
      "Id": "ZXBX",
      "Segments": [
        0,
        0,
        1,
        0.8,
        0,
        1.6,
        0.3,
        2.4,
        0.3,
        1,
        3.2,
        0.3,
        4,
        0.008,
        4.8,
        0
      ]
    },
    {
      "Target": "Parameter",
      "Id": "ZSXZ",
      "Segments": [
        0,
        0,
        1,
        0.478,
        -0.065,
        0.955,
        -0.101,
        1.433,
        -0.101,
        1,
        1.966,
        -0.101,
        2.5,
        0.119,
        3.033,
        0.119,
        1,
        3.622,
        0.119,
        4.211,
        0.083,
        4.8,
        0.004
      ]
    },
    {
      "Target": "Parameter",
      "Id": "zuoshouX",
      "Segments": [
        0,
        0,
        1,
        0.267,
        0,
        0.533,
        -1,
        0.8,
        -1,
        1,
        1.333,
        -1,
        1.867,
        1,
        2.4,
        1,
        1,
        3,
        1,
        3.6,
        -0.5,
        4.2,
        -0.5,
        1,
        4.4,
        -0.5,
        4.6,
        -0.051,
        4.8,
        -0.004
      ]
    },
    {
      "Target": "Parameter",
      "Id": "ZSZ01",
      "Segments": [
        0,
        0,
        1,
        0.267,
        -0.158,
        0.533,
        -0.5,
        0.8,
        -0.5,
        1,
        1.467,
        -0.5,
        2.133,
        0.5,
        2.8,
        0.5,
        1,
        3.467,
        0.5,
        4.133,
        0.405,
        4.8,
        0.02
      ]
    },
    {
      "Target": "Parameter",
      "Id": "ZSZ02",
      "Segments": [
        0,
        0,
        1,
        0.267,
        -0.158,
        0.533,
        -0.5,
        0.8,
        -0.5,
        1,
        1.467,
        -0.5,
        2.133,
        0.5,
        2.8,
        0.5,
        1,
        3.467,
        0.5,
        4.133,
        0.405,
        4.8,
        0.02
      ]
    },
    {
      "Target": "Parameter",
      "Id": "ZSZ03",
      "Segments": [
        0,
        0,
        1,
        0.267,
        -0.162,
        0.533,
        -0.6,
        0.8,
        -0.6,
        1,
        1.467,
        -0.6,
        2.133,
        0.5,
        2.8,
        0.5,
        1,
        3.467,
        0.5,
        4.133,
        0.414,
        4.8,
        0.02
      ]
    },
    {
      "Target": "Parameter",
      "Id": "ZSZ04",
      "Segments": [
        0,
        0,
        1,
        0.267,
        -0.162,
        0.533,
        -0.6,
        0.8,
        -0.6,
        1,
        1.467,
        -0.6,
        2.133,
        0.5,
        2.8,
        0.5,
        1,
        3.467,
        0.5,
        4.133,
        0.414,
        4.8,
        0.02
      ]
    },
    {
      "Target": "Parameter",
      "Id": "YBXZ",
      "Segments": [
        0,
        0,
        1,
        0.478,
        0.694,
        0.955,
        0.994,
        1.433,
        0.994,
        1,
        2.066,
        0.994,
        2.7,
        -1.141,
        3.333,
        -1.141,
        1,
        3.822,
        -1.141,
        4.311,
        -0.744,
        4.8,
        -0.048
      ]
    },
    {
      "Target": "Parameter",
      "Id": "YXBXZ",
      "Segments": [
        0,
        0,
        1,
        0.544,
        0,
        1.089,
        0.871,
        1.633,
        0.871,
        1,
        2.166,
        0.871,
        2.7,
        -0.52,
        3.233,
        -0.52,
        1,
        3.755,
        -0.52,
        4.278,
        -0.436,
        4.8,
        -0.027
      ]
    },
    {
      "Target": "Parameter",
      "Id": "YSXZ",
      "Segments": [
        0,
        0,
        1,
        0.367,
        0,
        0.733,
        -0.17,
        1.1,
        -0.17,
        1,
        1.533,
        -0.17,
        1.967,
        0,
        2.4,
        0,
        1,
        2.9,
        0,
        3.4,
        -0.3,
        3.9,
        -0.3,
        1,
        4.2,
        -0.3,
        4.5,
        -0.021,
        4.8,
        -0.001
      ]
    },
    {
      "Target": "Parameter",
      "Id": "YOUSHOUx",
      "Segments": [
        0,
        0,
        1,
        0.8,
        0,
        1.6,
        -1,
        2.4,
        -1,
        1,
        3.2,
        -1,
        4,
        -0.027,
        4.8,
        -0.001
      ]
    },
    {
      "Target": "Parameter",
      "Id": "youshouY",
      "Segments": [
        0,
        0,
        1,
        0.4,
        0,
        0.8,
        1,
        1.2,
        1,
        1,
        1.878,
        1,
        2.555,
        -1,
        3.233,
        -1,
        1,
        3.755,
        -1,
        4.278,
        -0.757,
        4.8,
        -0.046
      ]
    },
    {
      "Target": "Parameter",
      "Id": "YSZ1",
      "Segments": [
        0,
        0,
        1,
        0.489,
        0,
        0.978,
        -1,
        1.467,
        -1,
        1,
        2.578,
        -1,
        3.689,
        -0.02,
        4.8,
        0
      ]
    },
    {
      "Target": "Parameter",
      "Id": "YSZ2",
      "Segments": [
        0,
        0,
        1,
        0.522,
        0,
        1.045,
        -1,
        1.567,
        -1,
        1,
        2.645,
        -1,
        3.722,
        -0.02,
        4.8,
        0
      ]
    },
    {
      "Target": "Parameter",
      "Id": "YSZ3",
      "Segments": [
        0,
        0,
        1,
        0.544,
        0,
        1.089,
        -1,
        1.633,
        -1,
        1,
        2.689,
        -1,
        3.744,
        -0.021,
        4.8,
        0
      ]
    },
    {
      "Target": "Parameter",
      "Id": "YSZ4",
      "Segments": [
        0,
        0,
        1,
        0.567,
        0,
        1.133,
        -1,
        1.7,
        -1,
        1,
        2.733,
        -1,
        3.767,
        -0.021,
        4.8,
        0
      ]
    },
    {
      "Target": "Parameter",
      "Id": "YSZ5",
      "Segments": [
        0,
        0,
        1,
        0.589,
        0,
        1.178,
        -1,
        1.767,
        -1,
        1,
        2.778,
        -1,
        3.789,
        -0.022,
        4.8,
        0
      ]
    },
    {
      "Target": "Parameter",
      "Id": "ZXTXZ",
      "Segments": [
        0,
        0,
        1,
        0.444,
        0,
        0.889,
        -0.6,
        1.333,
        -0.6,
        1,
        2.489,
        -0.6,
        3.644,
        -0.011,
        4.8,
        0
      ]
    },
    {
      "Target": "Parameter",
      "Id": "ZJXZ",
      "Segments": [
        0,
        0,
        1,
        1.078,
        0,
        2.155,
        -0.365,
        3.233,
        -0.365,
        1,
        3.755,
        -0.365,
        4.278,
        -0.015,
        4.8,
        0
      ]
    },
    {
      "Target": "Parameter",
      "Id": "ZTXQM",
      "Segments": [
        0,
        0,
        1,
        0.811,
        0,
        1.622,
        1,
        2.433,
        1,
        1,
        3.222,
        1,
        4.011,
        0.028,
        4.8,
        0.001
      ]
    },
    {
      "Target": "Parameter",
      "Id": "zuojiaoTX",
      "Segments": [
        0,
        1,
        1,
        0.8,
        1,
        1.6,
        0,
        2.4,
        0,
        1,
        3.2,
        0,
        4,
        0.973,
        4.8,
        0.999
      ]
    },
    {
      "Target": "Parameter",
      "Id": "YJXZ",
      "Segments": [
        0,
        0,
        2,
        1.6,
        0,
        1,
        2.144,
        0,
        2.689,
        -0.5,
        3.233,
        -0.5,
        1,
        3.755,
        -0.5,
        4.278,
        -0.021,
        4.8,
        -0.001
      ]
    },
    {
      "Target": "Parameter",
      "Id": "shufanye",
      "Segments": [
        0,
        0,
        1,
        0.122,
        0,
        0.245,
        0.5,
        0.367,
        0.5,
        1,
        1.045,
        0.5,
        1.722,
        0,
        2.4,
        0,
        1,
        2.678,
        0,
        2.955,
        0.3,
        3.233,
        0.3,
        1,
        3.755,
        0.3,
        4.278,
        0.012,
        4.8,
        0
      ]
    },
    {
      "Target": "Parameter",
      "Id": "shuqianPD",
      "Segments": [
        0,
        0,
        1,
        0.267,
        0,
        0.533,
        -1,
        0.8,
        -1,
        1,
        1.067,
        -1,
        1.333,
        1,
        1.6,
        1,
        1,
        1.867,
        1,
        2.133,
        -0.581,
        2.4,
        -0.581,
        1,
        2.678,
        -0.581,
        2.955,
        1,
        3.233,
        1,
        1,
        3.5,
        1,
        3.766,
        -1,
        4.033,
        -1,
        1,
        4.289,
        -1,
        4.544,
        -0.082,
        4.8,
        -0.005
      ]
    },
    {
      "Target": "Parameter",
      "Id": "shiwuhe",
      "Segments": [
        0,
        0,
        1,
        0.267,
        0,
        0.533,
        -1,
        0.8,
        -1,
        1,
        1.333,
        -1,
        1.867,
        1,
        2.4,
        1,
        1,
        2.944,
        1,
        3.489,
        -1,
        4.033,
        -1,
        1,
        4.289,
        -1,
        4.544,
        -0.082,
        4.8,
        -0.005
      ]
    },
    {
      "Target": "Parameter",
      "Id": "SWHBZ",
      "Segments": [
        0,
        0,
        1,
        0.122,
        0,
        0.245,
        0.277,
        0.367,
        0.277,
        1,
        0.778,
        0.277,
        1.189,
        -0.381,
        1.6,
        -0.381,
        1,
        2.144,
        -0.381,
        2.689,
        0.237,
        3.233,
        0.237,
        1,
        3.633,
        0.237,
        4.033,
        -0.1,
        4.433,
        -0.1,
        1,
        4.555,
        -0.1,
        4.678,
        -0.098,
        4.8,
        -0.023
      ]
    },
    {
      "Target": "Parameter",
      "Id": "PCDYB",
      "Segments": [
        0,
        0,
        1,
        0.267,
        0,
        0.533,
        -0.4,
        0.8,
        -0.4,
        1,
        1.333,
        -0.4,
        1.867,
        0.6,
        2.4,
        0.6,
        1,
        2.8,
        0.6,
        3.2,
        -0.5,
        3.6,
        -0.5,
        1,
        4,
        -0.5,
        4.4,
        -0.027,
        4.8,
        -0.001
      ]
    },
    {
      "Target": "Parameter",
      "Id": "PGYYTMD",
      "Segments": [
        0,
        0,
        1,
        0.533,
        0,
        1.067,
        1,
        1.6,
        1,
        1,
        1.944,
        1,
        2.289,
        0.7,
        2.633,
        0.7,
        1,
        2.978,
        0.7,
        3.322,
        1,
        3.667,
        1,
        1,
        4.045,
        1,
        4.422,
        0.056,
        4.8,
        0.002
      ]
    },
    {
      "Target": "Parameter",
      "Id": "zongxie",
      "Segments": [
        0,
        0,
        1,
        0.667,
        0,
        1.333,
        0.7,
        2,
        0.7,
        1,
        2.933,
        0.7,
        3.867,
        0.016,
        4.8,
        0
      ]
    },
    {
      "Target": "Parameter",
      "Id": "zongti",
      "Segments": [
        0,
        0,
        1,
        0.411,
        -0.384,
        0.822,
        -0.6,
        1.233,
        -0.6,
        1,
        1.989,
        -0.6,
        2.744,
        0.6,
        3.5,
        0.6,
        1,
        3.933,
        0.6,
        4.367,
        0.424,
        4.8,
        0.031
      ]
    },
    {
      "Target": "Parameter",
      "Id": "MZPDJD",
      "Segments": [
        0,
        0,
        1,
        0.189,
        -0.377,
        0.378,
        -0.6,
        0.567,
        -0.6,
        1,
        0.978,
        -0.6,
        1.389,
        0.6,
        1.8,
        0.6,
        1,
        2.2,
        0.6,
        2.6,
        -0.3,
        3,
        -0.3,
        1,
        3.4,
        -0.3,
        3.8,
        0.6,
        4.2,
        0.6,
        1,
        4.4,
        0.6,
        4.6,
        0.439,
        4.8,
        0.064
      ]
    },
    {
      "Target": "Parameter",
      "Id": "MZPDBX",
      "Segments": [
        0,
        0,
        1,
        0.389,
        0,
        0.778,
        -0.972,
        1.167,
        -0.7,
        1,
        1.578,
        -0.7,
        1.989,
        0,
        2.4,
        0,
        1,
        2.8,
        0,
        3.2,
        -1,
        3.6,
        -1,
        1,
        4,
        -1,
        4.4,
        -0.053,
        4.8,
        -0.002
      ]
    },
    {
      "Target": "Parameter",
      "Id": "pancizhezou",
      "Segments": [
        0,
        0,
        1,
        0.167,
        -0.298,
        0.333,
        -0.427,
        0.5,
        -0.427,
        1,
        0.778,
        -0.427,
        1.055,
        0.468,
        1.333,
        0.468,
        1,
        1.589,
        0.468,
        1.844,
        -0.427,
        2.1,
        -0.427,
        1,
        2.378,
        -0.427,
        2.655,
        0.468,
        2.933,
        0.468,
        1,
        3.2,
        0.468,
        3.466,
        -0.427,
        3.733,
        -0.427,
        1,
        3.933,
        -0.427,
        4.133,
        0.468,
        4.333,
        0.468,
        1,
        4.489,
        0.468,
        4.644,
        0.32,
        4.8,
        0.058
      ]
    },
    {
      "Target": "Parameter",
      "Id": "toushizhezou",
      "Segments": [
        0,
        0,
        1,
        0.233,
        -0.45,
        0.467,
        -0.686,
        0.7,
        -0.686,
        1,
        1.067,
        -0.686,
        1.433,
        0.642,
        1.8,
        0.642,
        1,
        2.222,
        0.642,
        2.645,
        -0.686,
        3.067,
        -0.686,
        1,
        3.445,
        -0.686,
        3.822,
        0.6,
        4.2,
        0.6,
        1,
        4.4,
        0.6,
        4.6,
        0.427,
        4.8,
        0.062
      ]
    },
    {
      "Target": "Parameter",
      "Id": "XSDSX",
      "Segments": [
        0,
        0,
        1,
        0.222,
        0.364,
        0.445,
        0.6,
        0.667,
        0.6,
        1,
        1.067,
        0.6,
        1.467,
        -0.6,
        1.867,
        -0.6,
        1,
        2.3,
        -0.6,
        2.734,
        0.5,
        3.167,
        0.5,
        1,
        3.5,
        0.5,
        3.834,
        -0.5,
        4.167,
        -0.5,
        1,
        4.378,
        -0.5,
        4.589,
        -0.377,
        4.8,
        -0.053
      ]
    },
    {
      "Target": "Parameter",
      "Id": "ZBXZ",
      "Segments": [
        0,
        0,
        1,
        0.4,
        -0.3,
        0.8,
        -0.411,
        1.2,
        -0.411,
        1,
        2,
        -0.411,
        2.8,
        0.509,
        3.6,
        0.509,
        1,
        4,
        0.509,
        4.4,
        0.319,
        4.8,
        0.025
      ]
    },
    {
      "Target": "Parameter",
      "Id": "jianweizi",
      "Segments": [
        0,
        0,
        1,
        0.5,
        0,
        1,
        0.126,
        1.5,
        0.126,
        1,
        2.6,
        0.126,
        3.7,
        0.003,
        4.8,
        0
      ]
    },
    {
      "Target": "Parameter",
      "Id": "yifujiaodu",
      "Segments": [
        0,
        0,
        1,
        0.244,
        0.075,
        0.489,
        0.125,
        0.733,
        0.125,
        1,
        1.111,
        0.125,
        1.489,
        -0.116,
        1.867,
        -0.116,
        1,
        2.289,
        -0.116,
        2.711,
        0.098,
        3.133,
        0.098,
        1,
        3.5,
        0.098,
        3.866,
        -0.082,
        4.233,
        -0.082,
        1,
        4.422,
        -0.082,
        4.611,
        -0.064,
        4.8,
        -0.01
      ]
    },
    {
      "Target": "Parameter",
      "Id": "yifubianxin",
      "Segments": [
        0,
        0,
        1,
        0.289,
        0.101,
        0.578,
        0.151,
        0.867,
        0.151,
        1,
        1.256,
        0.151,
        1.644,
        -0.171,
        2.033,
        -0.171,
        1,
        2.411,
        -0.171,
        2.789,
        0.117,
        3.167,
        0.117,
        1,
        3.511,
        0.117,
        3.856,
        -0.112,
        4.2,
        -0.112,
        1,
        4.4,
        -0.112,
        4.6,
        -0.078,
        4.8,
        -0.011
      ]
    },
    {
      "Target": "Parameter",
      "Id": "piaodaijiaodu",
      "Segments": [
        0,
        0,
        1,
        0.422,
        0.319,
        0.845,
        0.5,
        1.267,
        0.5,
        1,
        2,
        0.5,
        2.734,
        -0.496,
        3.467,
        -0.496,
        1,
        3.911,
        -0.496,
        4.356,
        -0.351,
        4.8,
        -0.025
      ]
    },
    {
      "Target": "Parameter",
      "Id": "piaodaibianxing",
      "Segments": [
        0,
        0,
        1,
        0.467,
        0.419,
        0.933,
        0.574,
        1.4,
        0.574,
        1,
        2.189,
        0.574,
        2.978,
        -0.548,
        3.767,
        -0.548,
        1,
        4.111,
        -0.548,
        4.456,
        -0.333,
        4.8,
        -0.03
      ]
    },
    {
      "Target": "Parameter",
      "Id": "houfa1jiaodu",
      "Segments": [
        0,
        0,
        1,
        0.456,
        0.096,
        0.911,
        0.132,
        1.367,
        0.132,
        1,
        1.822,
        0.132,
        2.278,
        0.099,
        2.733,
        0,
        1,
        3.066,
        -0.072,
        3.4,
        -0.132,
        3.733,
        -0.132,
        1,
        4.089,
        -0.132,
        4.444,
        -0.081,
        4.8,
        -0.007
      ]
    },
    {
      "Target": "Parameter",
      "Id": "houfa1bianxin",
      "Segments": [
        0,
        0,
        1,
        0.456,
        -0.12,
        0.911,
        -0.2,
        1.367,
        -0.2,
        1,
        2.089,
        -0.2,
        2.811,
        0.155,
        3.533,
        0.155,
        1,
        3.955,
        0.155,
        4.378,
        0.116,
        4.8,
        0.009
      ]
    },
    {
      "Target": "Parameter",
      "Id": "houfa2jiaodu",
      "Segments": [
        0,
        0,
        1,
        0.678,
        0,
        1.355,
        -0.333,
        2.033,
        -0.333,
        1,
        2.955,
        -0.333,
        3.878,
        -0.008,
        4.8,
        0
      ]
    },
    {
      "Target": "Parameter",
      "Id": "houfa2bianxing",
      "Segments": [
        0,
        0,
        1,
        0.3,
        0.202,
        0.6,
        0.358,
        0.9,
        0.358,
        1,
        1.278,
        0.358,
        1.655,
        0.201,
        2.033,
        -0.046,
        1,
        2.478,
        -0.336,
        2.922,
        -0.452,
        3.367,
        -0.452,
        1,
        3.845,
        -0.452,
        4.322,
        -0.335,
        4.8,
        -0.022
      ]
    },
    {
      "Target": "Parameter",
      "Id": "houfa3jiaodu",
      "Segments": [
        0,
        0,
        1,
        0.578,
        0.301,
        1.155,
        0.419,
        1.733,
        0.419,
        1,
        2.078,
        0.419,
        2.422,
        0.307,
        2.767,
        0.043,
        1,
        3.078,
        -0.195,
        3.389,
        -0.336,
        3.7,
        -0.336,
        1,
        4.067,
        -0.336,
        4.433,
        -0.205,
        4.8,
        -0.017
      ]
    },
    {
      "Target": "Parameter",
      "Id": "houfa3bianxing",
      "Segments": [
        0,
        0,
        1,
        0.456,
        -0.266,
        0.911,
        -0.396,
        1.367,
        -0.396,
        1,
        1.689,
        -0.396,
        2.011,
        -0.22,
        2.333,
        0,
        1,
        2.744,
        0.281,
        3.156,
        0.373,
        3.567,
        0.373,
        1,
        3.978,
        0.373,
        4.389,
        0.253,
        4.8,
        0.019
      ]
    },
    {
      "Target": "Parameter",
      "Id": "houfa4jiaodu",
      "Segments": [
        0,
        0,
        1,
        0.411,
        -0.327,
        0.822,
        -0.475,
        1.233,
        -0.475,
        1,
        2.078,
        -0.475,
        2.922,
        0.44,
        3.767,
        0.44,
        1,
        4.111,
        0.44,
        4.456,
        0.292,
        4.8,
        0.026
      ]
    },
    {
      "Target": "Parameter",
      "Id": "houfa4bianxing",
      "Segments": [
        0,
        0,
        1,
        0.411,
        -0.321,
        0.822,
        -0.466,
        1.233,
        -0.466,
        1,
        2.078,
        -0.466,
        2.922,
        0.435,
        3.767,
        0.435,
        1,
        4.111,
        0.435,
        4.456,
        0.288,
        4.8,
        0.026
      ]
    },
    {
      "Target": "Parameter",
      "Id": "houfa5jiaodu",
      "Segments": [
        0,
        0,
        1,
        0.256,
        0,
        0.511,
        -0.431,
        0.767,
        -0.431,
        1,
        1.089,
        -0.431,
        1.411,
        0.364,
        1.733,
        0.364,
        1,
        2,
        0.364,
        2.266,
        0.228,
        2.533,
        0.009,
        1,
        2.844,
        -0.246,
        3.156,
        -0.351,
        3.467,
        -0.351,
        1,
        3.911,
        -0.351,
        4.356,
        -0.017,
        4.8,
        -0.001
      ]
    },
    {
      "Target": "Parameter",
      "Id": "houfa5bianxing",
      "Segments": [
        0,
        0,
        1,
        0.333,
        0.244,
        0.667,
        0.506,
        1,
        0.506,
        1,
        1.244,
        0.506,
        1.489,
        0.042,
        1.733,
        -0.145,
        1,
        2.189,
        -0.494,
        2.644,
        -0.546,
        3.1,
        -0.546,
        1,
        3.667,
        -0.546,
        4.233,
        -0.427,
        4.8,
        -0.024
      ]
    },
    {
      "Target": "Parameter",
      "Id": "ParamAngleY",
      "Segments": [
        0,
        0,
        0,
        4.8,
        0
      ]
    },
    {
      "Target": "Parameter",
      "Id": "boziqumian",
      "Segments": [
        0,
        0,
        0,
        4.8,
        0
      ]
    },
    {
      "Target": "Parameter",
      "Id": "ParamEyeLSmile",
      "Segments": [
        0,
        0,
        0,
        4.8,
        0
      ]
    },
    {
      "Target": "Parameter",
      "Id": "ParamEyeRSmile",
      "Segments": [
        0,
        0,
        0,
        4.8,
        0
      ]
    },
    {
      "Target": "Parameter",
      "Id": "ParamEyeBallY",
      "Segments": [
        0,
        0,
        0,
        4.8,
        0
      ]
    },
    {
      "Target": "Parameter",
      "Id": "mudaxiao",
      "Segments": [
        0,
        0,
        0,
        4.8,
        0
      ]
    },
    {
      "Target": "Parameter",
      "Id": "gaoguangqiehuang",
      "Segments": [
        0,
        0,
        0,
        4.8,
        0
      ]
    },
    {
      "Target": "Parameter",
      "Id": "ParamBrowLAngle",
      "Segments": [
        0,
        0,
        0,
        4.8,
        0
      ]
    },
    {
      "Target": "Parameter",
      "Id": "ParamBrowRAngle",
      "Segments": [
        0,
        0,
        0,
        4.8,
        0
      ]
    },
    {
      "Target": "Parameter",
      "Id": "ParamBrowLForm",
      "Segments": [
        0,
        0,
        0,
        4.8,
        0
      ]
    },
    {
      "Target": "Parameter",
      "Id": "ParamBrowRForm",
      "Segments": [
        0,
        0,
        0,
        4.8,
        0
      ]
    },
    {
      "Target": "Parameter",
      "Id": "ParamMouthForm",
      "Segments": [
        0,
        0,
        0,
        4.8,
        0
      ]
    },
    {
      "Target": "Parameter",
      "Id": "ParamMouthOpenY",
      "Segments": [
        0,
        0,
        0,
        4.8,
        0
      ]
    },
    {
      "Target": "Parameter",
      "Id": "koudaxiao",
      "Segments": [
        0,
        0,
        0,
        4.8,
        0
      ]
    },
    {
      "Target": "Parameter",
      "Id": "kouqiehuan",
      "Segments": [
        0,
        0,
        0,
        4.8,
        0
      ]
    },
    {
      "Target": "Parameter",
      "Id": "CZDH",
      "Segments": [
        0,
        0,
        0,
        4.8,
        0
      ]
    },
    {
      "Target": "Parameter",
      "Id": "ParamCheek",
      "Segments": [
        0,
        0,
        0,
        4.8,
        0
      ]
    },
    {
      "Target": "Parameter",
      "Id": "ParamBodyAngleY1",
      "Segments": [
        0,
        0,
        0,
        4.8,
        0
      ]
    },
    {
      "Target": "Parameter",
      "Id": "XSX",
      "Segments": [
        0,
        0,
        0,
        4.8,
        0
      ]
    },
    {
      "Target": "Parameter",
      "Id": "XDBX",
      "Segments": [
        0,
        0,
        0,
        4.8,
        0
      ]
    },
    {
      "Target": "Parameter",
      "Id": "ZXZY",
      "Segments": [
        0,
        0,
        0,
        4.8,
        0
      ]
    },
    {
      "Target": "Parameter",
      "Id": "YXZY",
      "Segments": [
        0,
        0,
        0,
        4.8,
        0
      ]
    },
    {
      "Target": "Parameter",
      "Id": "ParamHairFront",
      "Segments": [
        0,
        0,
        0,
        4.8,
        0
      ]
    },
    {
      "Target": "Parameter",
      "Id": "qianfaBX",
      "Segments": [
        0,
        0,
        0,
        4.8,
        0
      ]
    },
    {
      "Target": "Parameter",
      "Id": "ParamHairBack",
      "Segments": [
        0,
        0,
        0,
        4.8,
        0
      ]
    },
    {
      "Target": "Parameter",
      "Id": "zuobitc",
      "Segments": [
        0,
        0,
        0,
        4.8,
        0
      ]
    },
    {
      "Target": "Parameter",
      "Id": "ZSQH",
      "Segments": [
        0,
        0,
        0,
        4.8,
        0
      ]
    },
    {
      "Target": "Parameter",
      "Id": "zuoshou2",
      "Segments": [
        0,
        0,
        0,
        4.8,
        0
      ]
    },
    {
      "Target": "Parameter",
      "Id": "zuoshou3",
      "Segments": [
        0,
        0,
        0,
        4.8,
        0
      ]
    },
    {
      "Target": "Parameter",
      "Id": "zuoshou4",
      "Segments": [
        0,
        0,
        0,
        4.8,
        0
      ]
    },
    {
      "Target": "Parameter",
      "Id": "zuoshou5",
      "Segments": [
        0,
        0,
        0,
        4.8,
        0
      ]
    },
    {
      "Target": "Parameter",
      "Id": "ZBTS",
      "Segments": [
        0,
        0,
        0,
        4.8,
        0
      ]
    },
    {
      "Target": "Parameter",
      "Id": "zuoshouY",
      "Segments": [
        0,
        0,
        0,
        4.8,
        0
      ]
    },
    {
      "Target": "Parameter",
      "Id": "zsz5",
      "Segments": [
        0,
        0,
        0,
        4.8,
        0
      ]
    },
    {
      "Target": "Parameter",
      "Id": "YXBQH",
      "Segments": [
        0,
        0,
        0,
        4.8,
        0
      ]
    },
    {
      "Target": "Parameter",
      "Id": "BTYBZY",
      "Segments": [
        0,
        0,
        0,
        4.8,
        0
      ]
    },
    {
      "Target": "Parameter",
      "Id": "BTYBSX",
      "Segments": [
        0,
        0,
        0,
        4.8,
        0
      ]
    },
    {
      "Target": "Parameter",
      "Id": "BTYBJD",
      "Segments": [
        0,
        0,
        0,
        4.8,
        0
      ]
    },
    {
      "Target": "Parameter",
      "Id": "YXBX",
      "Segments": [
        0,
        0,
        0,
        4.8,
        0
      ]
    },
    {
      "Target": "Parameter",
      "Id": "YSSZTC",
      "Segments": [
        0,
        0,
        0,
        4.8,
        0
      ]
    },
    {
      "Target": "Parameter",
      "Id": "YSZTC",
      "Segments": [
        0,
        0,
        0,
        4.8,
        0
      ]
    },
    {
      "Target": "Parameter",
      "Id": "ZTXZ",
      "Segments": [
        0,
        0,
        0,
        4.8,
        0
      ]
    },
    {
      "Target": "Parameter",
      "Id": "zuotuoxieQH",
      "Segments": [
        0,
        0,
        0,
        4.8,
        0
      ]
    },
    {
      "Target": "Parameter",
      "Id": "ZTXX",
      "Segments": [
        0,
        0,
        0,
        4.8,
        0
      ]
    },
    {
      "Target": "Parameter",
      "Id": "ZTXY",
      "Segments": [
        0,
        0,
        0,
        4.8,
        0
      ]
    },
    {
      "Target": "Parameter",
      "Id": "ZTXJD",
      "Segments": [
        0,
        0,
        0,
        4.8,
        0
      ]
    },
    {
      "Target": "Parameter",
      "Id": "YTXZ",
      "Segments": [
        0,
        0,
        0,
        4.8,
        0
      ]
    },
    {
      "Target": "Parameter",
      "Id": "YXTXZ",
      "Segments": [
        0,
        0,
        0,
        4.8,
        0
      ]
    },
    {
      "Target": "Parameter",
      "Id": "panciTDX",
      "Segments": [
        0,
        0,
        0,
        4.8,
        0
      ]
    },
    {
      "Target": "Parameter",
      "Id": "PANCITDY",
      "Segments": [
        0,
        0,
        0,
        4.8,
        0
      ]
    },
    {
      "Target": "Parameter",
      "Id": "pancirou",
      "Segments": [
        0,
        0,
        0,
        4.8,
        0
      ]
    },
    {
      "Target": "Parameter",
      "Id": "ZXtuodong",
      "Segments": [
        0,
        0,
        0,
        4.8,
        0
      ]
    },
    {
      "Target": "Parameter",
      "Id": "TTQDYK",
      "Segments": [
        0,
        0,
        0,
        4.8,
        0
      ]
    },
    {
      "Target": "Parameter",
      "Id": "TTQqiehuan",
      "Segments": [
        0,
        0,
        0,
        4.8,
        0
      ]
    },
    {
      "Target": "Parameter",
      "Id": "TTQZY",
      "Segments": [
        0,
        -10,
        0,
        4.8,
        -10
      ]
    },
    {
      "Target": "Parameter",
      "Id": "TTQSX",
      "Segments": [
        0,
        0,
        0,
        4.8,
        0
      ]
    },
    {
      "Target": "Parameter",
      "Id": "TTQJD",
      "Segments": [
        0,
        0,
        0,
        4.8,
        0
      ]
    },
    {
      "Target": "Parameter",
      "Id": "TTQYC",
      "Segments": [
        0,
        0,
        0,
        4.8,
        0
      ]
    },
    {
      "Target": "Parameter",
      "Id": "GYJS",
      "Segments": [
        0,
        0,
        0,
        4.8,
        0
      ]
    },
    {
      "Target": "Parameter",
      "Id": "GYHZ",
      "Segments": [
        0,
        0,
        0,
        4.8,
        0
      ]
    },
    {
      "Target": "Parameter",
      "Id": "GYDX",
      "Segments": [
        0,
        0,
        0,
        4.8,
        0
      ]
    },
    {
      "Target": "Parameter",
      "Id": "GYZUOYOU",
      "Segments": [
        0,
        0,
        0,
        4.8,
        0
      ]
    },
    {
      "Target": "Parameter",
      "Id": "GYSHANGXIA",
      "Segments": [
        0,
        0,
        0,
        4.8,
        0
      ]
    },
    {
      "Target": "Parameter",
      "Id": "guangyunZQ",
      "Segments": [
        0,
        0,
        0,
        4.8,
        0
      ]
    },
    {
      "Target": "Parameter",
      "Id": "GYTMD",
      "Segments": [
        0,
        0,
        0,
        4.8,
        0
      ]
    },
    {
      "Target": "Parameter",
      "Id": "ParamBodyAngleY",
      "Segments": [
        0,
        0,
        0,
        4.8,
        0
      ]
    },
    {
      "Target": "Parameter",
      "Id": "YYjiashen",
      "Segments": [
        0,
        0,
        0,
        4.8,
        0
      ]
    },
    {
      "Target": "Parameter",
      "Id": "TYYTMD",
      "Segments": [
        0,
        1,
        0,
        4.8,
        1
      ]
    },
    {
      "Target": "Parameter",
      "Id": "fubu",
      "Segments": [
        0,
        0,
        0,
        4.8,
        0
      ]
    },
    {
      "Target": "Parameter",
      "Id": "zuodatuiBX",
      "Segments": [
        0,
        0,
        0,
        4.8,
        0
      ]
    },
    {
      "Target": "Parameter",
      "Id": "youdatuiBX",
      "Segments": [
        0,
        0,
        0,
        4.8,
        0
      ]
    },
    {
      "Target": "Parameter",
      "Id": "chizuiba",
      "Segments": [
        0,
        0.1,
        0,
        4.8,
        0.1
      ]
    },
    {
      "Target": "Parameter",
      "Id": "zongZY",
      "Segments": [
        0,
        0,
        0,
        4.8,
        0
      ]
    },
    {
      "Target": "Parameter",
      "Id": "zongSX",
      "Segments": [
        0,
        0,
        0,
        4.8,
        0
      ]
    },
    {
      "Target": "Parameter",
      "Id": "zongjiaodi",
      "Segments": [
        0,
        0,
        0,
        4.8,
        0
      ]
    },
    {
      "Target": "Parameter",
      "Id": "PGZY",
      "Segments": [
        0,
        0,
        0,
        4.8,
        0
      ]
    },
    {
      "Target": "Parameter",
      "Id": "oupaijiya",
      "Segments": [
        0,
        0,
        0,
        4.8,
        0
      ]
    },
    {
      "Target": "2935860712",
      "Id": "2935860712",
      "Segments": [
        0,
        1,
        0,
        4.8,
        1
      ]
    }
  ],
  "UserData": []
}