{
  "Version": 3,
  "Meta": {
    "Duration": 7.433,
    "Fps": 30.0,
    "Loop": false,
    "AreBeziersRestricted": true,
    "CurveCount": 153,
    "TotalSegmentCount": 790,
    "TotalPointCount": 2225,
    "UserDataCount": 1,
    "TotalUserDataSize": 0
  },
  "Curves": [
    {
      "Target": "Model",
      "Id": "LipSync",
      "Segments": [
        0,
        0,
        2,
        0.067,
        0,
        1,
        0.111,
        0,
        0.156,
        0.682,
        0.2,
        0.682,
        1,
        0.222,
        0.682,
        0.245,
        0.294,
        0.267,
        0.294,
        1,
        0.289,
        0.294,
        0.311,
        0.831,
        0.333,
        0.831,
        1,
        0.355,
        0.831,
        0.378,
        0.02,
        0.4,
        0.02,
        1,
        0.422,
        0.02,
        0.445,
        0.812,
        0.467,
        0.812,
        1,
        0.489,
        0.812,
        0.511,
        0.043,
        0.533,
        0.043,
        1,
        0.555,
        0.043,
        0.578,
        0.792,
        0.6,
        0.792,
        1,
        0.689,
        0.792,
        0.778,
        0,
        0.867,
        0,
        2,
        1.333,
        0,
        1,
        1.355,
        0,
        1.378,
        0.831,
        1.4,
        0.831,
        1,
        1.444,
        0.831,
        1.489,
        0.6,
        1.533,
        0.6,
        1,
        1.578,
        0.6,
        1.622,
        0.776,
        1.667,
        0.776,
        1,
        1.689,
        0.776,
        1.711,
        0.024,
        1.733,
        0.024,
        1,
        1.755,
        0.024,
        1.778,
        0.878,
        1.8,
        0.878,
        1,
        1.844,
        0.878,
        1.889,
        0.443,
        1.933,
        0.443,
        1,
        1.978,
        0.443,
        2.022,
        0.937,
        2.067,
        0.937,
        1,
        2.089,
        0.937,
        2.111,
        0.325,
        2.133,
        0.325,
        1,
        2.155,
        0.325,
        2.178,
        0.898,
        2.2,
        0.898,
        1,
        2.222,
        0.898,
        2.245,
        0.071,
        2.267,
        0.071,
        1,
        2.289,
        0.071,
        2.311,
        0.733,
        2.333,
        0.733,
        1,
        2.378,
        0.733,
        2.422,
        0,
        2.467,
        0,
        1,
        2.489,
        0,
        2.511,
        0.953,
        2.533,
        0.953,
        1,
        2.555,
        0.953,
        2.578,
        0.039,
        2.6,
        0.039,
        1,
        2.622,
        0.039,
        2.645,
        0.769,
        2.667,
        0.769,
        1,
        2.689,
        0.769,
        2.711,
        0.196,
        2.733,
        0.196,
        1,
        2.755,
        0.196,
        2.778,
        0.427,
        2.8,
        0.427,
        1,
        2.822,
        0.427,
        2.845,
        0.298,
        2.867,
        0.298,
        1,
        2.934,
        0.298,
        3,
        0.875,
        3.067,
        0.875,
        1,
        3.178,
        0.875,
        3.289,
        0,
        3.4,
        0,
        2,
        4.067,
        0,
        2,
        7.433,
        0
      ]
    },
    {
      "Target": "Parameter",
      "Id": "ParamAngleX",
      "Segments": [
        0,
        0,
        1,
        0.5,
        0,
        1,
        30,
        1.5,
        30,
        1,
        2.022,
        30,
        2.545,
        -2,
        3.067,
        -2,
        1,
        3.334,
        -2,
        3.6,
        -2.253,
        3.867,
        -1.04,
        1,
        4.256,
        0.729,
        4.644,
        6,
        5.033,
        6,
        1,
        5.833,
        6,
        6.633,
        0,
        7.433,
        0
      ]
    },
    {
      "Target": "Parameter",
      "Id": "ParamAngleY",
      "Segments": [
        0,
        0,
        1,
        0.256,
        0,
        0.511,
        -8.637,
        0.767,
        -13,
        1,
        1.211,
        -20.588,
        1.656,
        -22,
        2.1,
        -22,
        1,
        2.856,
        -22,
        3.611,
        0,
        4.367,
        0,
        1,
        4.589,
        0,
        4.811,
        -17,
        5.033,
        -17,
        1,
        5.833,
        -17,
        6.633,
        0,
        7.433,
        0
      ]
    },
    {
      "Target": "Parameter",
      "Id": "ParamAngleZ",
      "Segments": [
        0,
        0,
        1,
        0.5,
        0,
        1,
        -4,
        1.5,
        -4,
        1,
        2.022,
        -4,
        2.545,
        0,
        3.067,
        0,
        2,
        7.433,
        0
      ]
    },
    {
      "Target": "Parameter",
      "Id": "ParamEyeLOpen",
      "Segments": [
        0,
        1,
        2,
        0.367,
        1,
        1,
        0.434,
        1,
        0.5,
        0,
        0.567,
        0,
        1,
        0.656,
        0,
        0.744,
        1,
        0.833,
        1,
        2,
        1.5,
        1,
        1,
        1.589,
        1,
        1.678,
        0,
        1.767,
        0,
        2,
        2.767,
        0,
        1,
        2.867,
        0,
        2.967,
        0.8,
        3.067,
        0.8,
        2,
        4.767,
        0.8,
        1,
        4.856,
        0.8,
        4.944,
        0,
        5.033,
        0,
        2,
        5.867,
        0,
        1,
        6.389,
        0,
        6.911,
        1,
        7.433,
        1
      ]
    },
    {
      "Target": "Parameter",
      "Id": "ParamEyeROpen",
      "Segments": [
        0,
        1,
        2,
        0.367,
        1,
        1,
        0.434,
        1,
        0.5,
        0,
        0.567,
        0,
        1,
        0.656,
        0,
        0.744,
        1,
        0.833,
        1,
        2,
        1.5,
        1,
        1,
        1.589,
        1,
        1.678,
        0,
        1.767,
        0,
        2,
        2.767,
        0,
        1,
        2.867,
        0,
        2.967,
        0.8,
        3.067,
        0.8,
        2,
        4.767,
        0.8,
        1,
        4.856,
        0.8,
        4.944,
        0,
        5.033,
        0,
        2,
        5.867,
        0,
        1,
        6.389,
        0,
        6.911,
        1,
        7.433,
        1
      ]
    },
    {
      "Target": "Parameter",
      "Id": "ParamEyeBallX",
      "Segments": [
        0,
        0,
        1,
        0.5,
        0,
        1,
        -0.067,
        1.5,
        -0.4,
        1,
        1.922,
        -0.682,
        2.345,
        -1,
        2.767,
        -1,
        1,
        2.867,
        -1,
        2.967,
        0.5,
        3.067,
        0.5,
        2,
        4.767,
        0.5,
        1,
        4.856,
        0.5,
        4.944,
        -0.7,
        5.033,
        -0.7,
        1,
        5.833,
        -0.7,
        6.633,
        0,
        7.433,
        0
      ]
    },
    {
      "Target": "Parameter",
      "Id": "ParamEyeBallY",
      "Segments": [
        0,
        0,
        2,
        3.067,
        0,
        2,
        4.767,
        0,
        1,
        4.856,
        0,
        4.944,
        -0.5,
        5.033,
        -0.5,
        1,
        5.833,
        -0.5,
        6.633,
        0,
        7.433,
        0
      ]
    },
    {
      "Target": "Parameter",
      "Id": "TKDX",
      "Segments": [
        0,
        0,
        1,
        0.189,
        0,
        0.378,
        0.5,
        0.567,
        0.5,
        1,
        0.656,
        0.5,
        0.744,
        -1,
        0.833,
        -1,
        1,
        0.933,
        -1,
        1.033,
        0.5,
        1.133,
        0.5,
        1,
        1.255,
        0.5,
        1.378,
        0,
        1.5,
        0,
        1,
        1.589,
        0,
        1.678,
        1,
        1.767,
        1,
        2,
        2.767,
        1,
        1,
        2.867,
        1,
        2.967,
        -1,
        3.067,
        -1,
        1,
        3.156,
        -1,
        3.244,
        0.3,
        3.333,
        0.3,
        1,
        3.444,
        0.3,
        3.556,
        0,
        3.667,
        0,
        1,
        4.034,
        0,
        4.4,
        1,
        4.767,
        1,
        1,
        5.434,
        1,
        6.1,
        0.9,
        6.767,
        0.5,
        1,
        6.989,
        0.367,
        7.211,
        0,
        7.433,
        0
      ]
    },
    {
      "Target": "Parameter",
      "Id": "GGDONGHUA",
      "Segments": [
        0,
        0,
        1,
        0.089,
        0,
        0.178,
        0.3,
        0.267,
        0.3,
        1,
        0.367,
        0.3,
        0.467,
        0,
        0.567,
        0,
        1,
        0.634,
        0,
        0.7,
        1,
        0.767,
        1,
        1,
        0.822,
        1,
        0.878,
        0,
        0.933,
        0,
        1,
        1,
        0,
        1.066,
        0.798,
        1.133,
        0.798,
        1,
        1.178,
        0.798,
        1.222,
        0,
        1.267,
        0,
        1,
        1.334,
        0,
        1.4,
        0.551,
        1.467,
        0.551,
        1,
        1.522,
        0.551,
        1.578,
        0,
        1.633,
        0,
        1,
        1.833,
        0,
        2.033,
        0.5,
        2.233,
        0.5,
        1,
        2.411,
        0.5,
        2.589,
        0,
        2.767,
        0,
        1,
        2.834,
        0,
        2.9,
        1,
        2.967,
        1,
        1,
        3.022,
        1,
        3.078,
        0,
        3.133,
        0,
        1,
        3.2,
        0,
        3.266,
        0.798,
        3.333,
        0.798,
        1,
        3.378,
        0.798,
        3.422,
        0,
        3.467,
        0,
        1,
        3.534,
        0,
        3.6,
        0.551,
        3.667,
        0.551,
        1,
        3.722,
        0.551,
        3.778,
        0,
        3.833,
        0,
        1,
        4.178,
        0,
        4.522,
        0.643,
        4.867,
        0.643,
        1,
        5.2,
        0.643,
        5.534,
        0,
        5.867,
        0,
        1,
        5.934,
        0,
        6,
        1,
        6.067,
        1,
        1,
        6.122,
        1,
        6.178,
        0,
        6.233,
        0,
        1,
        6.3,
        0,
        6.366,
        0.798,
        6.433,
        0.798,
        1,
        6.478,
        0.798,
        6.522,
        0,
        6.567,
        0,
        1,
        6.634,
        0,
        6.7,
        0.551,
        6.767,
        0.551,
        1,
        6.822,
        0.551,
        6.878,
        0,
        6.933,
        0,
        2,
        7.433,
        0
      ]
    },
    {
      "Target": "Parameter",
      "Id": "erhuanYB",
      "Segments": [
        0,
        0,
        1,
        0.244,
        0,
        0.489,
        -0.491,
        0.733,
        -0.491,
        1,
        0.978,
        -0.491,
        1.222,
        0,
        1.467,
        0,
        1,
        1.734,
        0,
        2,
        -0.7,
        2.267,
        -0.7,
        1,
        2.534,
        -0.7,
        2.8,
        0,
        3.067,
        0,
        1,
        3.334,
        0,
        3.6,
        -0.7,
        3.867,
        -0.7,
        1,
        4.134,
        -0.7,
        4.4,
        0,
        4.667,
        0,
        1,
        4.934,
        0,
        5.2,
        -0.7,
        5.467,
        -0.7,
        1,
        5.734,
        -0.7,
        6,
        0,
        6.267,
        0,
        1,
        6.467,
        0,
        6.667,
        -0.3,
        6.867,
        -0.3,
        1,
        7.056,
        -0.3,
        7.244,
        0,
        7.433,
        0
      ]
    },
    {
      "Target": "Parameter",
      "Id": "ParamBrowLY",
      "Segments": [
        0,
        0,
        1,
        0.122,
        0,
        0.245,
        0.5,
        0.367,
        0.5,
        1,
        0.434,
        0.5,
        0.5,
        -1,
        0.567,
        -1,
        1,
        0.878,
        -1,
        1.189,
        1,
        1.5,
        1,
        1,
        1.589,
        1,
        1.678,
        -1,
        1.767,
        -1,
        2,
        2.767,
        -1,
        1,
        2.867,
        -1,
        2.967,
        1,
        3.067,
        1,
        1,
        3.334,
        1,
        3.6,
        -1,
        3.867,
        -1,
        1,
        4.167,
        -1,
        4.467,
        0,
        4.767,
        0,
        1,
        4.856,
        0,
        4.944,
        -1,
        5.033,
        -1,
        2,
        5.867,
        -1,
        1,
        6.189,
        -1,
        6.511,
        1,
        6.833,
        1,
        1,
        7.033,
        1,
        7.233,
        0,
        7.433,
        0
      ]
    },
    {
      "Target": "Parameter",
      "Id": "ParamBrowRY",
      "Segments": [
        0,
        0,
        1,
        0.122,
        0,
        0.245,
        0.5,
        0.367,
        0.5,
        1,
        0.434,
        0.5,
        0.5,
        -1,
        0.567,
        -1,
        1,
        0.878,
        -1,
        1.189,
        1,
        1.5,
        1,
        1,
        1.589,
        1,
        1.678,
        -1,
        1.767,
        -1,
        2,
        2.767,
        -1,
        1,
        2.867,
        -1,
        2.967,
        1,
        3.067,
        1,
        1,
        3.334,
        1,
        3.6,
        -1,
        3.867,
        -1,
        1,
        4.167,
        -1,
        4.467,
        0,
        4.767,
        0,
        1,
        4.856,
        0,
        4.944,
        -1,
        5.033,
        -1,
        2,
        5.867,
        -1,
        1,
        6.189,
        -1,
        6.511,
        1,
        6.833,
        1,
        1,
        7.033,
        1,
        7.233,
        0,
        7.433,
        0
      ]
    },
    {
      "Target": "Parameter",
      "Id": "ParamBrowLAngle",
      "Segments": [
        0,
        0,
        2,
        3.067,
        0,
        1,
        3.334,
        0,
        3.6,
        -0.1,
        3.867,
        -0.1,
        1,
        5.056,
        -0.1,
        6.244,
        0,
        7.433,
        0
      ]
    },
    {
      "Target": "Parameter",
      "Id": "ParamBrowRAngle",
      "Segments": [
        0,
        0,
        2,
        3.067,
        0,
        1,
        3.334,
        0,
        3.6,
        -0.4,
        3.867,
        -0.4,
        1,
        5.056,
        -0.4,
        6.244,
        0,
        7.433,
        0
      ]
    },
    {
      "Target": "Parameter",
      "Id": "ParamBrowLForm",
      "Segments": [
        0,
        0,
        1,
        0.389,
        0,
        0.778,
        -0.6,
        1.167,
        -0.6,
        1,
        1.8,
        -0.6,
        2.434,
        0,
        3.067,
        0,
        2,
        7.433,
        0
      ]
    },
    {
      "Target": "Parameter",
      "Id": "ParamBrowRForm",
      "Segments": [
        0,
        0,
        1,
        0.389,
        0,
        0.778,
        -0.6,
        1.167,
        -0.6,
        1,
        1.8,
        -0.6,
        2.434,
        0,
        3.067,
        0,
        2,
        7.433,
        0
      ]
    },
    {
      "Target": "Parameter",
      "Id": "ParamMouthForm",
      "Segments": [
        0,
        0,
        1,
        0.278,
        0,
        0.555,
        -1,
        0.833,
        -1,
        2,
        1.167,
        -1,
        1,
        1.456,
        -1,
        1.744,
        1,
        2.033,
        1,
        1,
        2.133,
        1,
        2.233,
        -1,
        2.333,
        -1,
        1,
        2.455,
        -1,
        2.578,
        1,
        2.7,
        1,
        1,
        2.822,
        1,
        2.945,
        0,
        3.067,
        0,
        2,
        3.467,
        0,
        2,
        7.433,
        0
      ]
    },
    {
      "Target": "Parameter",
      "Id": "koudaxiao",
      "Segments": [
        0,
        0,
        2,
        3.067,
        0,
        2,
        3.467,
        0,
        1,
        3.578,
        0,
        3.689,
        0.6,
        3.8,
        0.6,
        1,
        4.156,
        0.6,
        4.511,
        0,
        4.867,
        0,
        2,
        7.433,
        0
      ]
    },
    {
      "Target": "Parameter",
      "Id": "kouqiehuan",
      "Segments": [
        0,
        0,
        2,
        3.067,
        0,
        2,
        3.467,
        0,
        2,
        3.767,
        0,
        1,
        3.778,
        0,
        3.789,
        1,
        3.8,
        1,
        2,
        4.833,
        1,
        1,
        4.844,
        1,
        4.856,
        0,
        4.867,
        0,
        2,
        7.433,
        0
      ]
    },
    {
      "Target": "Parameter",
      "Id": "CZDH",
      "Segments": [
        0,
        0,
        2,
        3.067,
        0,
        2,
        3.8,
        0,
        1,
        4.156,
        0.667,
        4.511,
        1.333,
        4.867,
        2,
        1,
        5.722,
        1.333,
        6.578,
        0.667,
        7.433,
        0
      ]
    },
    {
      "Target": "Parameter",
      "Id": "ParamCheek",
      "Segments": [
        0,
        0,
        1,
        0.489,
        0,
        0.978,
        0.2,
        1.467,
        0.2,
        1,
        3.456,
        0.2,
        5.444,
        0,
        7.433,
        0
      ]
    },
    {
      "Target": "Parameter",
      "Id": "ParamBodyAngleX",
      "Segments": [
        0,
        0,
        1,
        0.5,
        0,
        1,
        10,
        1.5,
        10,
        1,
        2.022,
        10,
        2.545,
        0,
        3.067,
        0,
        1,
        3.234,
        0,
        3.4,
        10,
        3.567,
        10,
        1,
        3.878,
        10,
        4.189,
        -10,
        4.5,
        -10,
        1,
        5.478,
        -10,
        6.455,
        0,
        7.433,
        0
      ]
    },
    {
      "Target": "Parameter",
      "Id": "ParamBodyAngleY1",
      "Segments": [
        0,
        0,
        1,
        0.5,
        0,
        1,
        -2,
        1.5,
        -2,
        1,
        2.022,
        -2,
        2.545,
        0,
        3.067,
        0,
        2,
        4.5,
        0,
        1,
        4.9,
        0,
        5.3,
        2,
        5.7,
        2,
        1,
        6.278,
        2,
        6.855,
        0,
        7.433,
        0
      ]
    },
    {
      "Target": "Parameter",
      "Id": "xiashenX",
      "Segments": [
        0,
        0,
        1,
        0.5,
        0,
        1,
        0.6,
        1.5,
        0.6,
        1,
        2.156,
        0.6,
        2.811,
        0,
        3.467,
        0,
        1,
        3.856,
        0,
        4.244,
        1,
        4.633,
        1,
        1,
        5.122,
        1,
        5.611,
        -0.416,
        6.1,
        -0.416,
        1,
        6.544,
        -0.416,
        6.989,
        0,
        7.433,
        0
      ]
    },
    {
      "Target": "Parameter",
      "Id": "XIASHENY",
      "Segments": [
        0,
        0,
        1,
        0.233,
        0,
        0.467,
        -1,
        0.7,
        -1,
        1,
        1.022,
        -1,
        1.345,
        1,
        1.667,
        1,
        1,
        2.256,
        1,
        2.844,
        -0.7,
        3.433,
        -0.7,
        1,
        3.989,
        -0.7,
        4.544,
        0.4,
        5.1,
        0.4,
        1,
        5.556,
        0.4,
        6.011,
        -0.1,
        6.467,
        -0.1,
        1,
        6.789,
        -0.1,
        7.111,
        0,
        7.433,
        0
      ]
    },
    {
      "Target": "Parameter",
      "Id": "ParamBodyAngleZ",
      "Segments": [
        0,
        0,
        1,
        0.5,
        0,
        1,
        1,
        1.5,
        1,
        1,
        2.022,
        1,
        2.545,
        -1,
        3.067,
        -1,
        1,
        3.589,
        -1,
        4.111,
        1,
        4.633,
        1,
        1,
        5.566,
        1,
        6.5,
        0,
        7.433,
        0
      ]
    },
    {
      "Target": "Parameter",
      "Id": "XSX",
      "Segments": [
        0,
        0,
        0,
        7.433,
        0.011
      ]
    },
    {
      "Target": "Parameter",
      "Id": "XDYB",
      "Segments": [
        0,
        -0.002,
        1,
        0.1,
        -0.002,
        0.2,
        -0.439,
        0.3,
        -0.439,
        1,
        0.467,
        -0.439,
        0.633,
        0.258,
        0.8,
        0.258,
        1,
        0.978,
        0.258,
        1.155,
        -0.369,
        1.333,
        -0.369,
        1,
        1.511,
        -0.369,
        1.689,
        0.286,
        1.867,
        0.286,
        1,
        2.056,
        0.286,
        2.244,
        -0.296,
        2.433,
        -0.296,
        1,
        2.555,
        -0.296,
        2.678,
        0.211,
        2.8,
        0.211,
        1,
        2.889,
        0.211,
        2.978,
        -0.002,
        3.067,
        -0.002,
        1,
        3.245,
        -0.002,
        3.422,
        -0.439,
        3.6,
        -0.439,
        1,
        3.856,
        -0.439,
        4.111,
        0.258,
        4.367,
        0.258,
        1,
        4.589,
        0.258,
        4.811,
        -0.369,
        5.033,
        -0.369,
        1,
        5.222,
        -0.369,
        5.411,
        0.286,
        5.6,
        0.286,
        1,
        5.9,
        0.286,
        6.2,
        -0.296,
        6.5,
        -0.296,
        1,
        6.678,
        -0.296,
        6.855,
        0.211,
        7.033,
        0.211,
        1,
        7.166,
        0.211,
        7.3,
        -0.002,
        7.433,
        -0.002
      ]
    },
    {
      "Target": "Parameter",
      "Id": "XDBX",
      "Segments": [
        0,
        0,
        2,
        0.033,
        0,
        1,
        0.178,
        0,
        0.322,
        0.45,
        0.467,
        0.45,
        1,
        0.934,
        0.45,
        1.4,
        -0.37,
        1.867,
        -0.37,
        1,
        1.878,
        -0.37,
        1.889,
        -0.369,
        1.9,
        -0.369,
        2,
        1.933,
        -0.369,
        1,
        2.366,
        -0.369,
        2.8,
        1,
        3.233,
        1,
        2,
        3.5,
        1,
        1,
        3.556,
        1,
        3.611,
        -1,
        3.667,
        -1,
        2,
        4.067,
        -1,
        1,
        4.256,
        -1,
        4.444,
        0.809,
        4.633,
        0.809,
        1,
        4.755,
        0.809,
        4.878,
        -0.147,
        5,
        -0.147,
        1,
        5.133,
        -0.147,
        5.267,
        0.232,
        5.4,
        0.232,
        1,
        5.522,
        0.232,
        5.645,
        0.119,
        5.767,
        0.119,
        1,
        5.878,
        0.119,
        5.989,
        0.153,
        6.1,
        0.153,
        1,
        6.544,
        0.153,
        6.989,
        -0.039,
        7.433,
        -0.039
      ]
    },
    {
      "Target": "Parameter",
      "Id": "ZXZY",
      "Segments": [
        0,
        0,
        0,
        7.433,
        0.016
      ]
    },
    {
      "Target": "Parameter",
      "Id": "ZXSBX",
      "Segments": [
        0,
        0,
        1,
        0.122,
        0,
        0.245,
        1,
        0.367,
        1,
        1,
        0.489,
        1,
        0.611,
        0.697,
        0.733,
        0,
        1,
        0.844,
        -0.633,
        0.956,
        -1,
        1.067,
        -1,
        1,
        1.211,
        -1,
        1.356,
        -0.692,
        1.5,
        0,
        1,
        1.633,
        0.639,
        1.767,
        1,
        1.9,
        1,
        1,
        2.022,
        1,
        2.145,
        0.667,
        2.267,
        0,
        1,
        2.389,
        -0.667,
        2.511,
        -1,
        2.633,
        -1,
        1,
        2.778,
        -1,
        2.922,
        0,
        3.067,
        0,
        1,
        3.267,
        0,
        3.467,
        1,
        3.667,
        1,
        1,
        3.867,
        1,
        4.067,
        0.721,
        4.267,
        0,
        1,
        4.434,
        -0.601,
        4.6,
        -1,
        4.767,
        -1,
        1,
        4.9,
        -1,
        5.034,
        -0.612,
        5.167,
        0,
        1,
        5.322,
        0.714,
        5.478,
        1,
        5.633,
        1,
        1,
        5.833,
        1,
        6.033,
        0.703,
        6.233,
        0,
        1,
        6.411,
        -0.625,
        6.589,
        -1,
        6.767,
        -1,
        1,
        6.989,
        -1,
        7.211,
        0,
        7.433,
        0
      ]
    },
    {
      "Target": "Parameter",
      "Id": "ZXSDX",
      "Segments": [
        0,
        0,
        1,
        0.122,
        0,
        0.245,
        -0.167,
        0.367,
        -0.5,
        1,
        0.489,
        -0.833,
        0.611,
        -1,
        0.733,
        -1,
        1,
        0.844,
        -1,
        0.956,
        -0.785,
        1.067,
        -0.5,
        1,
        1.211,
        -0.13,
        1.356,
        0,
        1.5,
        0,
        1,
        1.633,
        0,
        1.767,
        -0.153,
        1.9,
        -0.5,
        1,
        2.022,
        -0.818,
        2.145,
        -1,
        2.267,
        -1,
        1,
        2.389,
        -1,
        2.511,
        -0.803,
        2.633,
        -0.5,
        1,
        2.778,
        -0.141,
        2.922,
        0,
        3.067,
        0,
        1,
        3.267,
        0,
        3.467,
        -0.636,
        3.667,
        -0.739,
        1,
        3.867,
        -0.842,
        4.067,
        -0.825,
        4.267,
        -0.825,
        1,
        4.434,
        -0.825,
        4.6,
        -0.799,
        4.767,
        -0.554,
        1,
        4.9,
        -0.358,
        5.034,
        -0.027,
        5.167,
        -0.027,
        1,
        5.322,
        -0.027,
        5.478,
        -0.943,
        5.633,
        -0.943,
        1,
        5.833,
        -0.943,
        6.033,
        -0.218,
        6.233,
        -0.09,
        1,
        6.411,
        0.022,
        6.589,
        0,
        6.767,
        0,
        2,
        7.433,
        0
      ]
    },
    {
      "Target": "Parameter",
      "Id": "YXZY",
      "Segments": [
        0,
        0,
        0,
        7.433,
        -0.008
      ]
    },
    {
      "Target": "Parameter",
      "Id": "YXSBX",
      "Segments": [
        0,
        0,
        1,
        0.122,
        0,
        0.245,
        0.6,
        0.367,
        0.6,
        1,
        0.489,
        0.6,
        0.611,
        0.51,
        0.733,
        0,
        1,
        0.844,
        -0.464,
        0.956,
        -1,
        1.067,
        -1,
        1,
        1.211,
        -1,
        1.356,
        -0.692,
        1.5,
        0,
        1,
        1.633,
        0.639,
        1.767,
        1,
        1.9,
        1,
        1,
        2.022,
        1,
        2.145,
        0.5,
        2.267,
        0,
        1,
        2.389,
        -0.5,
        2.511,
        -0.6,
        2.633,
        -0.6,
        1,
        2.778,
        -0.6,
        2.922,
        0,
        3.067,
        0,
        1,
        3.267,
        0,
        3.467,
        0.6,
        3.667,
        0.6,
        1,
        3.867,
        0.6,
        4.067,
        0.517,
        4.267,
        0,
        1,
        4.434,
        -0.431,
        4.6,
        -1,
        4.767,
        -1,
        1,
        4.9,
        -1,
        5.034,
        -0.612,
        5.167,
        0,
        1,
        5.322,
        0.714,
        5.478,
        1,
        5.633,
        1,
        1,
        5.833,
        1,
        6.033,
        0.543,
        6.233,
        0,
        1,
        6.411,
        -0.483,
        6.589,
        -0.6,
        6.767,
        -0.6,
        1,
        6.989,
        -0.6,
        7.211,
        0,
        7.433,
        0
      ]
    },
    {
      "Target": "Parameter",
      "Id": "YXSDX",
      "Segments": [
        0,
        0,
        1,
        0.122,
        0,
        0.245,
        -0.328,
        0.367,
        -0.63,
        1,
        0.489,
        -0.932,
        0.611,
        -0.984,
        0.733,
        -0.984,
        1,
        0.844,
        -0.984,
        0.956,
        -0.781,
        1.067,
        -0.5,
        1,
        1.211,
        -0.134,
        1.356,
        0,
        1.5,
        0,
        1,
        1.633,
        0,
        1.767,
        -0.158,
        1.9,
        -0.5,
        1,
        2.022,
        -0.813,
        2.145,
        -0.984,
        2.267,
        -0.984,
        1,
        2.389,
        -0.984,
        2.511,
        -0.497,
        2.633,
        -0.274,
        1,
        2.778,
        -0.01,
        2.922,
        0,
        3.067,
        0,
        1,
        3.267,
        0,
        3.467,
        -0.828,
        3.667,
        -0.828,
        1,
        3.867,
        -0.828,
        4.067,
        -0.829,
        4.267,
        -0.817,
        1,
        4.434,
        -0.806,
        4.6,
        -0.689,
        4.767,
        -0.553,
        1,
        4.9,
        -0.444,
        5.034,
        -0.027,
        5.167,
        -0.027,
        1,
        5.322,
        -0.027,
        5.478,
        -0.862,
        5.633,
        -0.862,
        1,
        5.833,
        -0.862,
        6.033,
        -0.072,
        6.233,
        -0.028,
        1,
        6.411,
        0.01,
        6.589,
        0,
        6.767,
        0,
        2,
        7.433,
        0
      ]
    },
    {
      "Target": "Parameter",
      "Id": "ParamBreath",
      "Segments": [
        0,
        0,
        1,
        0.167,
        0,
        0.333,
        1,
        0.5,
        1,
        1,
        0.833,
        1,
        1.167,
        0,
        1.5,
        0,
        1,
        1.667,
        0,
        1.833,
        1,
        2,
        1,
        1,
        2.356,
        1,
        2.711,
        0,
        3.067,
        0,
        1,
        3.334,
        0,
        3.6,
        1,
        3.867,
        1,
        1,
        4.3,
        1,
        4.734,
        0,
        5.167,
        0,
        1,
        5.389,
        0,
        5.611,
        1,
        5.833,
        1,
        1,
        6.366,
        1,
        6.9,
        0,
        7.433,
        0
      ]
    },
    {
      "Target": "Parameter",
      "Id": "ParamHairFront",
      "Segments": [
        0,
        0,
        2,
        0.033,
        0,
        1,
        0.178,
        0,
        0.322,
        -0.077,
        0.467,
        -0.077,
        1,
        0.934,
        -0.077,
        1.4,
        0.069,
        1.867,
        0.069,
        1,
        2.378,
        0.069,
        2.889,
        -0.328,
        3.4,
        -0.328,
        1,
        3.556,
        -0.328,
        3.711,
        0.404,
        3.867,
        0.404,
        1,
        4.122,
        0.404,
        4.378,
        -0.136,
        4.633,
        -0.136,
        1,
        4.766,
        -0.136,
        4.9,
        0.027,
        5.033,
        0.027,
        1,
        5.189,
        0.027,
        5.344,
        -0.036,
        5.5,
        -0.036,
        1,
        5.633,
        -0.036,
        5.767,
        -0.018,
        5.9,
        -0.018,
        1,
        6.011,
        -0.018,
        6.122,
        -0.022,
        6.233,
        -0.022,
        2,
        6.267,
        -0.022,
        2,
        6.3,
        -0.022,
        1,
        6.678,
        -0.022,
        7.055,
        0.005,
        7.433,
        0.005
      ]
    },
    {
      "Target": "Parameter",
      "Id": "qianfaBX",
      "Segments": [
        0,
        0,
        2,
        0.033,
        0,
        1,
        0.178,
        0,
        0.322,
        -0.172,
        0.467,
        -0.172,
        1,
        0.934,
        -0.172,
        1.4,
        0.136,
        1.867,
        0.136,
        1,
        1.878,
        0.136,
        1.889,
        0.135,
        1.9,
        0.135,
        2,
        1.933,
        0.135,
        1,
        2.411,
        0.135,
        2.889,
        -0.553,
        3.367,
        -0.553,
        1,
        3.522,
        -0.553,
        3.678,
        0.682,
        3.833,
        0.682,
        1,
        4.1,
        0.682,
        4.366,
        -0.219,
        4.633,
        -0.219,
        1,
        4.755,
        -0.219,
        4.878,
        0.037,
        5,
        0.037,
        1,
        5.133,
        0.037,
        5.267,
        -0.069,
        5.4,
        -0.069,
        1,
        5.522,
        -0.069,
        5.645,
        -0.039,
        5.767,
        -0.039,
        1,
        5.878,
        -0.039,
        5.989,
        -0.048,
        6.1,
        -0.048,
        1,
        6.111,
        -0.048,
        6.122,
        -0.047,
        6.133,
        -0.047,
        1,
        6.144,
        -0.047,
        6.156,
        -0.048,
        6.167,
        -0.048,
        1,
        6.589,
        -0.048,
        7.011,
        0.012,
        7.433,
        0.012
      ]
    },
    {
      "Target": "Parameter",
      "Id": "ParamHairSide",
      "Segments": [
        0,
        0,
        1,
        0.089,
        0,
        0.178,
        -0.334,
        0.267,
        -0.334,
        1,
        0.589,
        -0.334,
        0.911,
        0.742,
        1.233,
        0.742,
        1,
        1.489,
        0.742,
        1.744,
        -0.166,
        2,
        -0.166,
        1,
        2.322,
        -0.166,
        2.645,
        0.61,
        2.967,
        0.61,
        1,
        3.267,
        0.61,
        3.567,
        -0.057,
        3.867,
        -0.057,
        1,
        4.189,
        -0.057,
        4.511,
        0.61,
        4.833,
        0.61,
        1,
        5.122,
        0.61,
        5.411,
        -0.057,
        5.7,
        -0.057,
        1,
        6.011,
        -0.057,
        6.322,
        0.61,
        6.633,
        0.61,
        1,
        6.9,
        0.61,
        7.166,
        0.003,
        7.433,
        0.003
      ]
    },
    {
      "Target": "Parameter",
      "Id": "ParamHairBack",
      "Segments": [
        0,
        0,
        2,
        0.033,
        0,
        1,
        0.178,
        0,
        0.322,
        -0.043,
        0.467,
        -0.043,
        1,
        0.934,
        -0.043,
        1.4,
        0.036,
        1.867,
        0.036,
        1,
        2.378,
        0.036,
        2.889,
        -0.163,
        3.4,
        -0.163,
        1,
        3.556,
        -0.163,
        3.711,
        0.2,
        3.867,
        0.2,
        1,
        4.122,
        0.2,
        4.378,
        -0.07,
        4.633,
        -0.07,
        1,
        4.766,
        -0.07,
        4.9,
        0.012,
        5.033,
        0.012,
        1,
        5.189,
        0.012,
        5.344,
        -0.019,
        5.5,
        -0.019,
        1,
        5.656,
        -0.019,
        5.811,
        -0.008,
        5.967,
        -0.008,
        1,
        6.056,
        -0.008,
        6.144,
        -0.01,
        6.233,
        -0.01,
        2,
        6.267,
        -0.01,
        2,
        6.3,
        -0.01,
        1,
        6.678,
        -0.01,
        7.055,
        0.002,
        7.433,
        0.002
      ]
    },
    {
      "Target": "Parameter",
      "Id": "ZSBX",
      "Segments": [
        0,
        0,
        1,
        0.333,
        0,
        0.667,
        0.104,
        1,
        0.104,
        1,
        1.689,
        0.104,
        2.378,
        0,
        3.067,
        0,
        2,
        7.433,
        0
      ]
    },
    {
      "Target": "Parameter",
      "Id": "ZXBXZ",
      "Segments": [
        0,
        0,
        1,
        0.256,
        0,
        0.511,
        2,
        0.767,
        2,
        1,
        0.9,
        2,
        1.034,
        0.641,
        1.167,
        0,
        1,
        1.356,
        -0.908,
        1.544,
        -1,
        1.733,
        -1,
        1,
        2.178,
        -1,
        2.622,
        -0.739,
        3.067,
        0,
        1,
        3.411,
        0.573,
        3.756,
        1,
        4.1,
        1,
        1,
        4.333,
        1,
        4.567,
        0.391,
        4.8,
        0,
        1,
        5.278,
        -0.801,
        5.755,
        -1,
        6.233,
        -1,
        1,
        6.633,
        -1,
        7.033,
        0,
        7.433,
        0
      ]
    },
    {
      "Target": "Parameter",
      "Id": "ZXBX",
      "Segments": [
        0,
        0,
        1,
        0.5,
        0,
        1,
        0.3,
        1.5,
        0.3,
        1,
        2.022,
        0.3,
        2.545,
        0,
        3.067,
        0,
        2,
        7.433,
        0
      ]
    },
    {
      "Target": "Parameter",
      "Id": "ZSXZ",
      "Segments": [
        0,
        0,
        1,
        0.3,
        0,
        0.6,
        -0.3,
        0.9,
        -0.3,
        1,
        1.233,
        -0.3,
        1.567,
        0.5,
        1.9,
        0.5,
        1,
        2.289,
        0.5,
        2.678,
        0,
        3.067,
        0,
        2,
        7.433,
        0
      ]
    },
    {
      "Target": "Parameter",
      "Id": "zuoshouX",
      "Segments": [
        0,
        0,
        1,
        0.167,
        0,
        0.333,
        -1,
        0.5,
        -1,
        1,
        0.833,
        -1,
        1.167,
        1,
        1.5,
        1,
        1,
        1.878,
        1,
        2.255,
        -0.5,
        2.633,
        -0.5,
        1,
        2.778,
        -0.5,
        2.922,
        0,
        3.067,
        0,
        2,
        7.433,
        0
      ]
    },
    {
      "Target": "Parameter",
      "Id": "ZSZ01",
      "Segments": [
        0,
        0,
        1,
        0.167,
        0,
        0.333,
        -0.5,
        0.5,
        -0.5,
        1,
        0.833,
        -0.5,
        1.167,
        0.6,
        1.5,
        0.6,
        1,
        2.022,
        0.6,
        2.545,
        0.377,
        3.067,
        0,
        1,
        3.556,
        -0.353,
        4.044,
        -0.5,
        4.533,
        -0.5,
        1,
        4.922,
        -0.5,
        5.311,
        0.5,
        5.7,
        0.5,
        1,
        6.278,
        0.5,
        6.855,
        0,
        7.433,
        0
      ]
    },
    {
      "Target": "Parameter",
      "Id": "ZSZ02",
      "Segments": [
        0,
        0,
        1,
        0.189,
        0,
        0.378,
        -0.5,
        0.567,
        -0.5,
        1,
        0.922,
        -0.5,
        1.278,
        0.8,
        1.633,
        0.8,
        1,
        2.111,
        0.8,
        2.589,
        0.417,
        3.067,
        0,
        1,
        3.534,
        -0.408,
        4,
        -0.5,
        4.467,
        -0.5,
        1,
        4.911,
        -0.5,
        5.356,
        0.6,
        5.8,
        0.6,
        1,
        6.344,
        0.6,
        6.889,
        0,
        7.433,
        0
      ]
    },
    {
      "Target": "Parameter",
      "Id": "ZSZ03",
      "Segments": [
        0,
        0,
        1,
        0.222,
        0,
        0.445,
        -0.6,
        0.667,
        -0.6,
        1,
        1.022,
        -0.6,
        1.378,
        1,
        1.733,
        1,
        1,
        2.178,
        1,
        2.622,
        0.463,
        3.067,
        0,
        1,
        3.489,
        -0.44,
        3.911,
        -0.5,
        4.333,
        -0.5,
        1,
        4.866,
        -0.5,
        5.4,
        0.6,
        5.933,
        0.6,
        1,
        6.433,
        0.6,
        6.933,
        0,
        7.433,
        0
      ]
    },
    {
      "Target": "Parameter",
      "Id": "ZSZ04",
      "Segments": [
        0,
        0,
        1,
        0.267,
        0,
        0.533,
        -0.6,
        0.8,
        -0.6,
        1,
        1.144,
        -0.6,
        1.489,
        1,
        1.833,
        1,
        1,
        2.244,
        1,
        2.656,
        0.487,
        3.067,
        0,
        1,
        3.434,
        -0.434,
        3.8,
        -0.5,
        4.167,
        -0.5,
        1,
        4.8,
        -0.5,
        5.434,
        1,
        6.067,
        1,
        1,
        6.522,
        1,
        6.978,
        0,
        7.433,
        0
      ]
    },
    {
      "Target": "Parameter",
      "Id": "YBXZ",
      "Segments": [
        0,
        0,
        1,
        0.433,
        0,
        0.867,
        2,
        1.3,
        2,
        1,
        1.889,
        2,
        2.478,
        1.554,
        3.067,
        0,
        1,
        3.2,
        -0.352,
        3.334,
        -2,
        3.467,
        -2,
        1,
        3.956,
        -2,
        4.444,
        4,
        4.933,
        4,
        1,
        5.011,
        4,
        5.089,
        4.072,
        5.167,
        3.8,
        1,
        5.256,
        3.489,
        5.344,
        -6,
        5.433,
        -6,
        1,
        5.789,
        -6,
        6.144,
        -3.017,
        6.5,
        -1.392,
        1,
        6.811,
        0.031,
        7.122,
        0,
        7.433,
        0
      ]
    },
    {
      "Target": "Parameter",
      "Id": "YXBXZ",
      "Segments": [
        0,
        0,
        2,
        3.067,
        0,
        1,
        3.2,
        0,
        3.334,
        6,
        3.467,
        6,
        1,
        4.122,
        6,
        4.778,
        5.133,
        5.433,
        2,
        1,
        5.566,
        2,
        5.7,
        -10,
        5.833,
        -10,
        1,
        6.044,
        -10,
        6.256,
        -0.719,
        6.467,
        -0.719,
        1,
        6.789,
        0.043,
        7.111,
        0,
        7.433,
        0
      ]
    },
    {
      "Target": "Parameter",
      "Id": "YXBX",
      "Segments": [
        0,
        0,
        2,
        3.067,
        0,
        2,
        4.5,
        0,
        2,
        5.6,
        0,
        1,
        5.756,
        0,
        5.911,
        0.5,
        6.067,
        0.5,
        1,
        6.2,
        0.5,
        6.334,
        0,
        6.467,
        0,
        2,
        7.433,
        0
      ]
    },
    {
      "Target": "Parameter",
      "Id": "YSXZ",
      "Segments": [
        0,
        0,
        1,
        0.222,
        0,
        0.445,
        -0.17,
        0.667,
        -0.17,
        1,
        0.945,
        -0.17,
        1.222,
        0,
        1.5,
        0,
        1,
        1.811,
        0,
        2.122,
        -0.153,
        2.433,
        -0.153,
        1,
        2.644,
        -0.153,
        2.856,
        0,
        3.067,
        0,
        1,
        3.2,
        0,
        3.334,
        -0.7,
        3.467,
        -0.7,
        1,
        4.034,
        -0.7,
        4.6,
        -0.644,
        5.167,
        -0.3,
        1,
        5.356,
        -0.185,
        5.544,
        1,
        5.733,
        1,
        1,
        5.8,
        1,
        5.866,
        -1,
        5.933,
        -1,
        1,
        6.033,
        -1,
        6.133,
        1,
        6.233,
        1,
        1,
        6.633,
        1,
        7.033,
        0,
        7.433,
        0
      ]
    },
    {
      "Target": "Parameter",
      "Id": "YOUSHOUx",
      "Segments": [
        0,
        0,
        2,
        3.067,
        0,
        1,
        3.545,
        0,
        4.022,
        -1,
        4.5,
        -1,
        1,
        5.478,
        -1,
        6.455,
        0,
        7.433,
        0
      ]
    },
    {
      "Target": "Parameter",
      "Id": "YSZ1",
      "Segments": [
        0,
        0,
        2,
        3.067,
        0,
        2,
        5.833,
        0,
        1,
        5.889,
        0,
        5.944,
        1,
        6,
        1,
        1,
        6.2,
        1,
        6.4,
        -1,
        6.6,
        -1,
        1,
        6.878,
        -1,
        7.155,
        0,
        7.433,
        0
      ]
    },
    {
      "Target": "Parameter",
      "Id": "YSZ2",
      "Segments": [
        0,
        0,
        2,
        3.067,
        0,
        2,
        5.833,
        0,
        1,
        5.9,
        0,
        5.966,
        1,
        6.033,
        1,
        1,
        6.233,
        1,
        6.433,
        -1,
        6.633,
        -1,
        1,
        6.9,
        -1,
        7.166,
        0,
        7.433,
        0
      ]
    },
    {
      "Target": "Parameter",
      "Id": "YSZ3",
      "Segments": [
        0,
        0,
        2,
        3.067,
        0,
        2,
        5.833,
        0,
        1,
        5.911,
        0,
        5.989,
        1,
        6.067,
        1,
        1,
        6.256,
        1,
        6.444,
        -1,
        6.633,
        -1,
        1,
        6.9,
        -1,
        7.166,
        0,
        7.433,
        0
      ]
    },
    {
      "Target": "Parameter",
      "Id": "YSZ4",
      "Segments": [
        0,
        0,
        2,
        3.067,
        0,
        2,
        5.833,
        0,
        1,
        5.922,
        0,
        6.011,
        1,
        6.1,
        1,
        1,
        6.289,
        1,
        6.478,
        -1,
        6.667,
        -1,
        1,
        6.922,
        -1,
        7.178,
        0,
        7.433,
        0
      ]
    },
    {
      "Target": "Parameter",
      "Id": "YSZ5",
      "Segments": [
        0,
        0,
        2,
        3.067,
        0,
        2,
        5.833,
        0,
        1,
        5.922,
        0,
        6.011,
        1,
        6.1,
        1,
        1,
        6.3,
        1,
        6.5,
        -1,
        6.7,
        -1,
        1,
        6.944,
        -1,
        7.189,
        0,
        7.433,
        0
      ]
    },
    {
      "Target": "Parameter",
      "Id": "YSSZTC",
      "Segments": [
        0,
        2,
        2,
        3.067,
        2,
        2,
        5.833,
        2,
        1,
        6.1,
        2,
        6.366,
        1.667,
        6.633,
        1,
        1,
        6.9,
        0.333,
        7.166,
        0,
        7.433,
        0
      ]
    },
    {
      "Target": "Parameter",
      "Id": "YSZTC",
      "Segments": [
        0,
        2,
        2,
        3.067,
        2,
        2,
        5.833,
        2,
        1,
        6.1,
        2,
        6.366,
        1.667,
        6.633,
        1,
        1,
        6.9,
        0.333,
        7.166,
        0,
        7.433,
        0
      ]
    },
    {
      "Target": "Parameter",
      "Id": "ZTXZ",
      "Segments": [
        0,
        0,
        1,
        0.5,
        0,
        1,
        1,
        1.5,
        1,
        1,
        2.022,
        1,
        2.545,
        -2,
        3.067,
        -2,
        1,
        4.522,
        -2,
        5.978,
        0,
        7.433,
        0
      ]
    },
    {
      "Target": "Parameter",
      "Id": "ZXTXZ",
      "Segments": [
        0,
        0,
        1,
        0.2,
        -0.441,
        0.4,
        -0.79,
        0.6,
        -0.773,
        1,
        1.289,
        -0.773,
        1.978,
        5,
        2.667,
        5,
        1,
        3.422,
        5,
        4.178,
        0,
        4.933,
        0,
        2,
        7.433,
        0
      ]
    },
    {
      "Target": "Parameter",
      "Id": "ZJXZ",
      "Segments": [
        0,
        0,
        1,
        0.167,
        0,
        0.333,
        -0.3,
        0.5,
        -0.3,
        1,
        1,
        -0.3,
        1.5,
        0,
        2,
        0,
        1,
        2.5,
        0,
        3,
        -0.25,
        3.5,
        -0.25,
        1,
        3.911,
        -0.25,
        4.322,
        0,
        4.733,
        0,
        1,
        5.178,
        0,
        5.622,
        -0.2,
        6.067,
        -0.2,
        1,
        6.522,
        -0.2,
        6.978,
        0,
        7.433,
        0
      ]
    },
    {
      "Target": "Parameter",
      "Id": "ZTXQM",
      "Segments": [
        0,
        0,
        1,
        0.511,
        0,
        1.022,
        1,
        1.533,
        1,
        1,
        2.044,
        1,
        2.556,
        0,
        3.067,
        0,
        2,
        7.433,
        0
      ]
    },
    {
      "Target": "Parameter",
      "Id": "zuojiaoTX",
      "Segments": [
        0,
        1,
        1,
        0.5,
        1,
        1,
        0,
        1.5,
        0,
        1,
        2.022,
        0,
        2.545,
        1,
        3.067,
        1,
        2,
        7.433,
        1
      ]
    },
    {
      "Target": "Parameter",
      "Id": "YTXZ",
      "Segments": [
        0,
        0,
        2,
        1.5,
        0,
        1,
        2.022,
        0,
        2.545,
        2,
        3.067,
        2,
        1,
        3.6,
        2,
        4.134,
        -1,
        4.667,
        -1,
        1,
        5.589,
        -1,
        6.511,
        0,
        7.433,
        0
      ]
    },
    {
      "Target": "Parameter",
      "Id": "YXTXZ",
      "Segments": [
        0,
        0,
        2,
        1.5,
        0,
        1,
        2.022,
        0,
        2.545,
        2,
        3.067,
        2,
        1,
        4.522,
        2,
        5.978,
        0,
        7.433,
        0
      ]
    },
    {
      "Target": "Parameter",
      "Id": "YJXZ",
      "Segments": [
        0,
        0,
        1,
        0.333,
        0,
        0.667,
        -0.5,
        1,
        -0.5,
        1,
        1.689,
        -0.5,
        2.378,
        0,
        3.067,
        0,
        1,
        3.434,
        0,
        3.8,
        -0.5,
        4.167,
        -0.5,
        1,
        5.256,
        -0.5,
        6.344,
        0,
        7.433,
        0
      ]
    },
    {
      "Target": "Parameter",
      "Id": "shufanye",
      "Segments": [
        0,
        0,
        1,
        0.078,
        0,
        0.155,
        0.5,
        0.233,
        0.5,
        1,
        0.655,
        0.5,
        1.078,
        0,
        1.5,
        0,
        1,
        1.667,
        0,
        1.833,
        0.3,
        2,
        0.3,
        1,
        2.356,
        0.3,
        2.711,
        0,
        3.067,
        0,
        1,
        3.2,
        0,
        3.334,
        0.5,
        3.467,
        0.5,
        1,
        3.7,
        0.5,
        3.934,
        -1,
        4.167,
        -1,
        1,
        4.334,
        -1,
        4.5,
        -0.953,
        4.667,
        -0.953,
        1,
        4.834,
        -0.953,
        5,
        -1,
        5.167,
        -1,
        1,
        5.478,
        -1,
        5.789,
        -1.017,
        6.1,
        -0.685,
        1,
        6.411,
        -0.353,
        6.722,
        0.5,
        7.033,
        0.5,
        1,
        7.166,
        0.5,
        7.3,
        0,
        7.433,
        0
      ]
    },
    {
      "Target": "Parameter",
      "Id": "shuqianPD",
      "Segments": [
        0,
        0,
        1,
        0.167,
        0,
        0.333,
        -1,
        0.5,
        -1,
        1,
        0.667,
        -1,
        0.833,
        1,
        1,
        1,
        1,
        1.167,
        1,
        1.333,
        -0.581,
        1.5,
        -0.581,
        1,
        1.667,
        -0.581,
        1.833,
        1,
        2,
        1,
        1,
        2.178,
        1,
        2.355,
        -1,
        2.533,
        -1,
        1,
        2.711,
        -1,
        2.889,
        0,
        3.067,
        0,
        1,
        3.334,
        0,
        3.6,
        -1,
        3.867,
        -1,
        1,
        4.134,
        -1,
        4.4,
        1,
        4.667,
        1,
        1,
        4.834,
        1,
        5,
        -0.581,
        5.167,
        -0.581,
        1,
        5.389,
        -0.581,
        5.611,
        1,
        5.833,
        1,
        1,
        6.1,
        1,
        6.366,
        -1,
        6.633,
        -1,
        1,
        6.9,
        -1,
        7.166,
        0,
        7.433,
        0
      ]
    },
    {
      "Target": "Parameter",
      "Id": "shiwuhe",
      "Segments": [
        0,
        0,
        1,
        0.167,
        0,
        0.333,
        -1,
        0.5,
        -1,
        1,
        0.833,
        -1,
        1.167,
        1,
        1.5,
        1,
        1,
        1.844,
        1,
        2.189,
        -1,
        2.533,
        -1,
        1,
        2.711,
        -1,
        2.889,
        0,
        3.067,
        0,
        1,
        3.334,
        0,
        3.6,
        -1,
        3.867,
        -1,
        1,
        4.3,
        -1,
        4.734,
        1,
        5.167,
        1,
        1,
        5.656,
        1,
        6.144,
        -1,
        6.633,
        -1,
        1,
        6.9,
        -1,
        7.166,
        0,
        7.433,
        0
      ]
    },
    {
      "Target": "Parameter",
      "Id": "SWHBZ",
      "Segments": [
        0,
        0,
        1,
        0.078,
        0,
        0.155,
        0.277,
        0.233,
        0.277,
        1,
        0.489,
        0.277,
        0.744,
        -0.381,
        1,
        -0.381,
        1,
        1.333,
        -0.381,
        1.667,
        0.237,
        2,
        0.237,
        1,
        2.267,
        0.237,
        2.533,
        -0.1,
        2.8,
        -0.1,
        1,
        2.889,
        -0.1,
        2.978,
        0,
        3.067,
        0,
        1,
        3.2,
        0,
        3.334,
        0.277,
        3.467,
        0.277,
        1,
        3.867,
        0.277,
        4.267,
        -0.381,
        4.667,
        -0.381,
        1,
        5.056,
        -0.381,
        5.444,
        0.237,
        5.833,
        0.237,
        1,
        6.233,
        0.237,
        6.633,
        -0.1,
        7.033,
        -0.1,
        1,
        7.166,
        -0.1,
        7.3,
        0,
        7.433,
        0
      ]
    },
    {
      "Target": "Parameter",
      "Id": "PCDYB",
      "Segments": [
        0,
        0,
        1,
        0.167,
        0,
        0.333,
        -1,
        0.5,
        -1,
        1,
        0.833,
        -1,
        1.167,
        1,
        1.5,
        1,
        1,
        1.756,
        1,
        2.011,
        -0.717,
        2.267,
        -0.717,
        1,
        2.534,
        -0.717,
        2.8,
        0.783,
        3.067,
        0.783,
        1,
        3.456,
        0.783,
        3.844,
        -0.717,
        4.233,
        -0.717,
        1,
        4.622,
        -0.717,
        5.011,
        1,
        5.4,
        1,
        1,
        5.833,
        1,
        6.267,
        -0.5,
        6.7,
        -0.5,
        1,
        6.944,
        -0.5,
        7.189,
        0,
        7.433,
        0
      ]
    },
    {
      "Target": "Parameter",
      "Id": "PGYYTMD",
      "Segments": [
        0,
        0,
        1,
        0.167,
        0,
        0.333,
        1,
        0.5,
        1,
        2,
        7.033,
        1,
        1,
        7.166,
        1,
        7.3,
        0,
        7.433,
        0
      ]
    },
    {
      "Target": "Parameter",
      "Id": "TTQDYK",
      "Segments": [
        0,
        0,
        2,
        3.067,
        0,
        2,
        3.6,
        0,
        1,
        3.711,
        0,
        3.822,
        1,
        3.933,
        1,
        1,
        5.1,
        1,
        6.266,
        0,
        7.433,
        0
      ]
    },
    {
      "Target": "Parameter",
      "Id": "TTQqiehuan",
      "Segments": [
        0,
        1,
        2,
        3.067,
        1,
        2,
        5.9,
        1,
        2,
        5.933,
        0,
        2,
        7.433,
        0
      ]
    },
    {
      "Target": "Parameter",
      "Id": "TTQZY",
      "Segments": [
        0,
        -10,
        1,
        1.022,
        -10,
        2.045,
        0,
        3.067,
        0,
        1,
        3.978,
        0,
        4.889,
        -0.254,
        5.8,
        -2,
        1,
        6.122,
        -2.618,
        6.445,
        -10,
        6.767,
        -10,
        2,
        7.433,
        -10
      ]
    },
    {
      "Target": "Parameter",
      "Id": "TTQSX",
      "Segments": [
        0,
        0,
        2,
        3.067,
        0,
        2,
        5.8,
        0,
        1,
        5.9,
        0,
        6,
        2.46,
        6.1,
        2.46,
        1,
        6.322,
        2.46,
        6.545,
        -1,
        6.767,
        -1,
        1,
        6.989,
        -1,
        7.211,
        0,
        7.433,
        0
      ]
    },
    {
      "Target": "Parameter",
      "Id": "TTQJD",
      "Segments": [
        0,
        0,
        2,
        3.067,
        0,
        1,
        3.978,
        0,
        4.889,
        -0.113,
        5.8,
        -0.534,
        1,
        6.122,
        -0.683,
        6.445,
        -1,
        6.767,
        -1,
        1,
        6.989,
        -1,
        7.211,
        0,
        7.433,
        0
      ]
    },
    {
      "Target": "Parameter",
      "Id": "TTQYC",
      "Segments": [
        0,
        0,
        1,
        1.933,
        0,
        3.867,
        1,
        5.8,
        1,
        1,
        6.056,
        1,
        6.311,
        1,
        6.567,
        0,
        2,
        7.433,
        0
      ]
    },
    {
      "Target": "Parameter",
      "Id": "zongxie",
      "Segments": [
        0,
        0,
        1,
        0.633,
        0,
        1.267,
        -1,
        1.9,
        -1,
        1,
        2.6,
        -1,
        3.3,
        1,
        4,
        1,
        1,
        5.144,
        1,
        6.289,
        0,
        7.433,
        0
      ]
    },
    {
      "Target": "Parameter",
      "Id": "zongti",
      "Segments": [
        0,
        0,
        1,
        0.333,
        0,
        0.667,
        0.6,
        1,
        0.6,
        1,
        1.689,
        0.6,
        2.378,
        -0.4,
        3.067,
        -0.4,
        1,
        3.956,
        -0.4,
        4.844,
        0.5,
        5.733,
        0.5,
        1,
        6.3,
        0.5,
        6.866,
        0,
        7.433,
        0
      ]
    },
    {
      "Target": "Parameter",
      "Id": "fubu",
      "Segments": [
        0,
        0,
        1,
        0.444,
        0,
        0.889,
        -1,
        1.333,
        -1,
        1,
        1.933,
        -1,
        2.533,
        1,
        3.133,
        1,
        1,
        3.811,
        1,
        4.489,
        -1,
        5.167,
        -1,
        1,
        5.922,
        -1,
        6.678,
        0,
        7.433,
        0
      ]
    },
    {
      "Target": "Parameter",
      "Id": "zuodatuiBX",
      "Segments": [
        0,
        0,
        1,
        0.633,
        0,
        1.267,
        1,
        1.9,
        1,
        1,
        2.6,
        1,
        3.3,
        -1,
        4,
        -1,
        1,
        4.689,
        -1,
        5.378,
        0.8,
        6.067,
        0.8,
        1,
        6.522,
        0.8,
        6.978,
        0,
        7.433,
        0
      ]
    },
    {
      "Target": "Parameter",
      "Id": "youdatuiBX",
      "Segments": [
        0,
        0,
        1,
        0.444,
        0,
        0.889,
        1,
        1.333,
        1,
        1,
        2.122,
        1,
        2.911,
        -1,
        3.7,
        -1,
        1,
        4.489,
        -1,
        5.278,
        0.6,
        6.067,
        0.6,
        1,
        6.522,
        0.6,
        6.978,
        0,
        7.433,
        0
      ]
    },
    {
      "Target": "Parameter",
      "Id": "MZPDJD",
      "Segments": [
        0,
        0,
        2,
        0.9,
        0,
        1,
        1.233,
        -0.235,
        1.567,
        -0.4,
        1.9,
        -0.4,
        1,
        2.211,
        -0.4,
        2.522,
        -0.304,
        2.833,
        0,
        1,
        3.122,
        0.283,
        3.411,
        0.5,
        3.7,
        0.5,
        1,
        4.033,
        0.5,
        4.367,
        0.29,
        4.7,
        0,
        1,
        5.044,
        -0.3,
        5.389,
        -0.4,
        5.733,
        -0.4,
        1,
        6.022,
        -0.4,
        6.311,
        -0.269,
        6.6,
        0,
        2,
        7.433,
        0
      ]
    },
    {
      "Target": "Parameter",
      "Id": "MZPDBX",
      "Segments": [
        0,
        0,
        1,
        0.3,
        0,
        0.6,
        0.5,
        0.9,
        0.5,
        1,
        1.233,
        0.5,
        1.567,
        0.449,
        1.9,
        0,
        1,
        2.211,
        -0.419,
        2.522,
        -1,
        2.833,
        -1,
        1,
        3.122,
        -1,
        3.411,
        -0.719,
        3.7,
        -0.1,
        1,
        4.033,
        0.614,
        4.367,
        1,
        4.7,
        1,
        1,
        5.044,
        1,
        5.389,
        0.359,
        5.733,
        -0.1,
        1,
        6.022,
        -0.485,
        6.311,
        -0.5,
        6.6,
        -0.5,
        1,
        6.878,
        -0.5,
        7.155,
        0,
        7.433,
        0
      ]
    },
    {
      "Target": "Parameter",
      "Id": "pancizhezou",
      "Segments": [
        0,
        0,
        1,
        0.167,
        0,
        0.333,
        -0.427,
        0.5,
        -0.427,
        1,
        0.778,
        -0.427,
        1.055,
        0.468,
        1.333,
        0.468,
        1,
        1.589,
        0.468,
        1.844,
        -0.427,
        2.1,
        -0.427,
        1,
        2.378,
        -0.427,
        2.655,
        0.468,
        2.933,
        0.468,
        1,
        3.2,
        0.468,
        3.466,
        -0.427,
        3.733,
        -0.427,
        1,
        3.955,
        -0.427,
        4.178,
        0.468,
        4.4,
        0.468,
        1,
        4.667,
        0.468,
        4.933,
        -0.6,
        5.2,
        -0.6,
        1,
        5.5,
        -0.6,
        5.8,
        0.5,
        6.1,
        0.5,
        1,
        6.4,
        0.5,
        6.7,
        -0.5,
        7,
        -0.5,
        1,
        7.144,
        -0.5,
        7.289,
        0,
        7.433,
        0
      ]
    },
    {
      "Target": "Parameter",
      "Id": "toushizhezou",
      "Segments": [
        0,
        0,
        1,
        0.233,
        0,
        0.467,
        -0.686,
        0.7,
        -0.686,
        1,
        1.067,
        -0.686,
        1.433,
        0.642,
        1.8,
        0.642,
        1,
        2.233,
        0.642,
        2.667,
        -0.686,
        3.1,
        -0.686,
        1,
        3.5,
        -0.686,
        3.9,
        0.642,
        4.3,
        0.642,
        1,
        4.744,
        0.642,
        5.189,
        -0.686,
        5.633,
        -0.686,
        1,
        6,
        -0.686,
        6.366,
        0.642,
        6.733,
        0.642,
        1,
        6.966,
        0.642,
        7.2,
        0,
        7.433,
        0
      ]
    },
    {
      "Target": "Parameter",
      "Id": "chizuiba",
      "Segments": [
        0,
        0,
        2,
        3.333,
        0,
        1,
        3.433,
        0,
        3.533,
        1,
        3.633,
        1,
        1,
        3.689,
        1,
        3.744,
        0,
        3.8,
        0,
        2,
        7.433,
        0
      ]
    },
    {
      "Target": "Parameter",
      "Id": "zongZY",
      "Segments": [
        0,
        0,
        1,
        0.456,
        0,
        0.911,
        -3,
        1.367,
        -3,
        1,
        2.189,
        -3,
        3.011,
        4,
        3.833,
        4,
        1,
        4.5,
        4,
        5.166,
        -2,
        5.833,
        -2,
        1,
        6.366,
        -2,
        6.9,
        0,
        7.433,
        0
      ]
    },
    {
      "Target": "Parameter",
      "Id": "zongSX",
      "Segments": [
        0,
        0,
        1,
        0.467,
        0,
        0.933,
        -5,
        1.4,
        -5,
        1,
        2.044,
        -5,
        2.689,
        4,
        3.333,
        4,
        1,
        4.044,
        4,
        4.756,
        -1,
        5.467,
        -1,
        1,
        6.122,
        -1,
        6.778,
        0,
        7.433,
        0
      ]
    },
    {
      "Target": "Parameter",
      "Id": "zongjiaodi",
      "Segments": [
        0,
        0,
        1,
        0.611,
        0,
        1.222,
        -0.3,
        1.833,
        -0.3,
        1,
        2.533,
        -0.3,
        3.233,
        0.4,
        3.933,
        0.4,
        1,
        4.622,
        0.4,
        5.311,
        -0.3,
        6,
        -0.3,
        1,
        6.478,
        -0.3,
        6.955,
        0,
        7.433,
        0
      ]
    },
    {
      "Target": "Parameter",
      "Id": "PGZY",
      "Segments": [
        0,
        0,
        1,
        0.6,
        0,
        1.2,
        0.4,
        1.8,
        0.4,
        1,
        2.556,
        0.4,
        3.311,
        -0.5,
        4.067,
        -0.5,
        1,
        5.189,
        -0.5,
        6.311,
        0,
        7.433,
        0
      ]
    },
    {
      "Target": "Parameter",
      "Id": "XSDSX",
      "Segments": [
        0,
        0,
        1,
        0.267,
        0,
        0.533,
        -1,
        0.8,
        -1,
        1,
        1.089,
        -1,
        1.378,
        1,
        1.667,
        1,
        1,
        1.922,
        1,
        2.178,
        -0.6,
        2.433,
        -0.6,
        1,
        2.7,
        -0.6,
        2.966,
        0.6,
        3.233,
        0.6,
        1,
        3.489,
        0.6,
        3.744,
        -1,
        4,
        -1,
        1,
        4.233,
        -1,
        4.467,
        1,
        4.7,
        1,
        1,
        4.922,
        1,
        5.145,
        -0.4,
        5.367,
        -0.4,
        1,
        5.578,
        -0.4,
        5.789,
        1,
        6,
        1,
        1,
        6.267,
        1,
        6.533,
        -0.8,
        6.8,
        -0.8,
        1,
        7.011,
        -0.8,
        7.222,
        0,
        7.433,
        0
      ]
    },
    {
      "Target": "Parameter",
      "Id": "ZBXZ",
      "Segments": [
        0,
        0,
        1,
        0.389,
        0,
        0.778,
        -3,
        1.167,
        -3,
        1,
        1.8,
        -3,
        2.434,
        -2.05,
        3.067,
        0,
        1,
        3.256,
        0.611,
        3.444,
        1,
        3.633,
        1,
        1,
        4.022,
        1,
        4.411,
        -1,
        4.8,
        -1,
        1,
        5.678,
        -1,
        6.555,
        0,
        7.433,
        0
      ]
    },
    {
      "Target": "Parameter",
      "Id": "jianweizi",
      "Segments": [
        0,
        0,
        2,
        1.5,
        0,
        1,
        1.811,
        0,
        2.122,
        0.3,
        2.433,
        0.3,
        1,
        3.166,
        0.3,
        3.9,
        0,
        4.633,
        0,
        2,
        7.433,
        0
      ]
    },
    {
      "Target": "Parameter",
      "Id": "yifujiaodu",
      "Segments": [
        0,
        0,
        1,
        0.2,
        0,
        0.4,
        0.4,
        0.6,
        0.4,
        1,
        1.044,
        0.4,
        1.489,
        -0.43,
        1.933,
        -0.43,
        1,
        2.389,
        -0.43,
        2.844,
        0.307,
        3.3,
        0.307,
        1,
        3.722,
        0.307,
        4.145,
        -0.268,
        4.567,
        -0.268,
        1,
        4.989,
        -0.268,
        5.411,
        0,
        5.833,
        0,
        1,
        6.211,
        0,
        6.589,
        -0.368,
        6.967,
        -0.368,
        1,
        7.122,
        -0.368,
        7.278,
        0,
        7.433,
        0
      ]
    },
    {
      "Target": "Parameter",
      "Id": "yifubianxin",
      "Segments": [
        0,
        0,
        1,
        0.444,
        0,
        0.889,
        1,
        1.333,
        1,
        1,
        1.8,
        1,
        2.266,
        -1,
        2.733,
        -1,
        1,
        3.155,
        -1,
        3.578,
        1,
        4,
        1,
        1,
        4.422,
        1,
        4.845,
        0,
        5.267,
        0,
        1,
        5.656,
        0,
        6.044,
        0.9,
        6.433,
        0.9,
        1,
        6.766,
        0.9,
        7.1,
        0,
        7.433,
        0
      ]
    },
    {
      "Target": "Parameter",
      "Id": "piaodaijiaodu",
      "Segments": [
        0,
        0,
        1,
        0.167,
        0,
        0.333,
        -1,
        0.5,
        -1,
        1,
        0.722,
        -1,
        0.945,
        0.5,
        1.167,
        0.5,
        1,
        1.767,
        0.5,
        2.367,
        -1,
        2.967,
        -1,
        1,
        3.711,
        -1,
        4.456,
        1,
        5.2,
        1,
        1,
        5.944,
        1,
        6.689,
        0,
        7.433,
        0
      ]
    },
    {
      "Target": "Parameter",
      "Id": "piaodaibianxing",
      "Segments": [
        0,
        0,
        1,
        0.633,
        0,
        1.267,
        1,
        1.9,
        1,
        1,
        2.589,
        1,
        3.278,
        -1,
        3.967,
        -1,
        1,
        4.756,
        -1,
        5.544,
        1,
        6.333,
        1,
        1,
        6.7,
        1,
        7.066,
        0,
        7.433,
        0
      ]
    },
    {
      "Target": "Parameter",
      "Id": "houfa1jiaodu",
      "Segments": [
        0,
        0,
        1,
        0.456,
        0,
        0.911,
        0.3,
        1.367,
        0.3,
        1,
        1.822,
        0.3,
        2.278,
        0.203,
        2.733,
        0,
        1,
        3.155,
        -0.188,
        3.578,
        -0.287,
        4,
        -0.287,
        1,
        4.811,
        -0.287,
        5.622,
        0.11,
        6.433,
        0.11,
        1,
        6.766,
        0.11,
        7.1,
        0,
        7.433,
        0
      ]
    },
    {
      "Target": "Parameter",
      "Id": "houfa1bianxin",
      "Segments": [
        0,
        0,
        1,
        0.456,
        0,
        0.911,
        -0.39,
        1.367,
        -0.39,
        1,
        1.822,
        -0.39,
        2.278,
        0.5,
        2.733,
        0.5,
        1,
        3.178,
        0.5,
        3.622,
        0.159,
        4.067,
        0,
        1,
        4.6,
        -0.191,
        5.134,
        -0.2,
        5.667,
        -0.2,
        1,
        6.256,
        -0.2,
        6.844,
        0,
        7.433,
        0
      ]
    },
    {
      "Target": "Parameter",
      "Id": "houfa2jiaodu",
      "Segments": [
        0,
        0,
        2,
        0.9,
        0,
        1,
        1.278,
        0,
        1.655,
        -1,
        2.033,
        -1,
        1,
        2.478,
        -1,
        2.922,
        -0.24,
        3.367,
        0,
        1,
        3.967,
        0.324,
        4.567,
        0.33,
        5.167,
        0.33,
        1,
        5.922,
        0.33,
        6.678,
        0,
        7.433,
        0
      ]
    },
    {
      "Target": "Parameter",
      "Id": "houfa2bianxing",
      "Segments": [
        0,
        0,
        1,
        0.3,
        0,
        0.6,
        1,
        0.9,
        1,
        1,
        1.278,
        1,
        1.655,
        0.389,
        2.033,
        0,
        1,
        2.389,
        -0.366,
        2.744,
        -0.381,
        3.1,
        -0.381,
        1,
        3.7,
        -0.381,
        4.3,
        -0.295,
        4.9,
        -0.017,
        1,
        5.367,
        0.2,
        5.833,
        0.383,
        6.3,
        0.383,
        1,
        6.678,
        0.383,
        7.055,
        0,
        7.433,
        0
      ]
    },
    {
      "Target": "Parameter",
      "Id": "houfa3jiaodu",
      "Segments": [
        0,
        0,
        2,
        0.9,
        0,
        1,
        1.178,
        0,
        1.455,
        1,
        1.733,
        1,
        1,
        2.078,
        1,
        2.422,
        0.57,
        2.767,
        0,
        1,
        3.011,
        -0.405,
        3.256,
        -0.504,
        3.5,
        -0.504,
        1,
        3.9,
        -0.504,
        4.3,
        -0.215,
        4.7,
        0,
        1,
        5.233,
        0.287,
        5.767,
        0.338,
        6.3,
        0.338,
        1,
        6.678,
        0.338,
        7.055,
        0,
        7.433,
        0
      ]
    },
    {
      "Target": "Parameter",
      "Id": "houfa3bianxing",
      "Segments": [
        0,
        0,
        1,
        0.3,
        0,
        0.6,
        -1,
        0.9,
        -1,
        1,
        1.178,
        -1,
        1.455,
        -0.588,
        1.733,
        0,
        1,
        2.078,
        0.73,
        2.422,
        1,
        2.767,
        1,
        1,
        3.078,
        1,
        3.389,
        0.548,
        3.7,
        0,
        1,
        4.033,
        -0.587,
        4.367,
        -0.756,
        4.7,
        -0.756,
        1,
        5.033,
        -0.756,
        5.367,
        -0.57,
        5.7,
        -0.197,
        1,
        6.022,
        0.164,
        6.345,
        0.344,
        6.667,
        0.344,
        1,
        6.922,
        0.344,
        7.178,
        0,
        7.433,
        0
      ]
    },
    {
      "Target": "Parameter",
      "Id": "houfa4jiaodu",
      "Segments": [
        0,
        0,
        1,
        0.411,
        0,
        0.822,
        -1,
        1.233,
        -1,
        1,
        2.078,
        -1,
        2.922,
        1,
        3.767,
        1,
        1,
        4.478,
        1,
        5.189,
        -0.593,
        5.9,
        -0.593,
        1,
        6.411,
        -0.593,
        6.922,
        0,
        7.433,
        0
      ]
    },
    {
      "Target": "Parameter",
      "Id": "houfa4bianxing",
      "Segments": [
        0,
        0,
        1,
        0.556,
        0,
        1.111,
        -1,
        1.667,
        -1,
        1,
        2.511,
        -1,
        3.356,
        1,
        4.2,
        1,
        1,
        4.833,
        1,
        5.467,
        -0.431,
        6.1,
        -0.431,
        1,
        6.544,
        -0.431,
        6.989,
        0,
        7.433,
        0
      ]
    },
    {
      "Target": "Parameter",
      "Id": "houfa5jiaodu",
      "Segments": [
        0,
        0,
        1,
        0.578,
        0,
        1.155,
        1,
        1.733,
        1,
        1,
        2.489,
        1,
        3.244,
        -1,
        4,
        -1,
        1,
        4.756,
        -1,
        5.511,
        0.478,
        6.267,
        0.478,
        1,
        6.656,
        0.478,
        7.044,
        0,
        7.433,
        0
      ]
    },
    {
      "Target": "Parameter",
      "Id": "houfa5bianxing",
      "Segments": [
        0,
        0,
        1,
        0.256,
        0,
        0.511,
        1,
        0.767,
        1,
        1,
        1.356,
        1,
        1.944,
        -1,
        2.533,
        -1,
        1,
        3.222,
        -1,
        3.911,
        0.498,
        4.6,
        0.498,
        1,
        5.122,
        0.498,
        5.645,
        -0.612,
        6.167,
        -0.612,
        1,
        6.589,
        -0.612,
        7.011,
        0,
        7.433,
        0
      ]
    },
    {
      "Target": "Parameter",
      "Id": "boziqumian",
      "Segments": [
        0,
        0,
        0,
        7.433,
        0
      ]
    },
    {
      "Target": "Parameter",
      "Id": "ParamEyeLSmile",
      "Segments": [
        0,
        0,
        0,
        7.433,
        0
      ]
    },
    {
      "Target": "Parameter",
      "Id": "ParamEyeRSmile",
      "Segments": [
        0,
        0,
        0,
        7.433,
        0
      ]
    },
    {
      "Target": "Parameter",
      "Id": "mudaxiao",
      "Segments": [
        0,
        0,
        0,
        7.433,
        0
      ]
    },
    {
      "Target": "Parameter",
      "Id": "gaoguangqiehuang",
      "Segments": [
        0,
        0,
        0,
        7.433,
        0
      ]
    },
    {
      "Target": "Parameter",
      "Id": "ParamMouthOpenY",
      "Segments": [
        0,
        0,
        0,
        7.433,
        0
      ]
    },
    {
      "Target": "Parameter",
      "Id": "zuobitc",
      "Segments": [
        0,
        0,
        0,
        7.433,
        0
      ]
    },
    {
      "Target": "Parameter",
      "Id": "ZSQH",
      "Segments": [
        0,
        0,
        0,
        7.433,
        0
      ]
    },
    {
      "Target": "Parameter",
      "Id": "zuoshou2",
      "Segments": [
        0,
        0,
        0,
        7.433,
        0
      ]
    },
    {
      "Target": "Parameter",
      "Id": "zuoshou3",
      "Segments": [
        0,
        0,
        0,
        7.433,
        0
      ]
    },
    {
      "Target": "Parameter",
      "Id": "zuoshou4",
      "Segments": [
        0,
        0,
        0,
        7.433,
        0
      ]
    },
    {
      "Target": "Parameter",
      "Id": "zuoshou5",
      "Segments": [
        0,
        0,
        0,
        7.433,
        0
      ]
    },
    {
      "Target": "Parameter",
      "Id": "ZBTS",
      "Segments": [
        0,
        0,
        0,
        7.433,
        0
      ]
    },
    {
      "Target": "Parameter",
      "Id": "zuoshouY",
      "Segments": [
        0,
        0,
        0,
        7.433,
        0
      ]
    },
    {
      "Target": "Parameter",
      "Id": "zsz5",
      "Segments": [
        0,
        0,
        0,
        7.433,
        0
      ]
    },
    {
      "Target": "Parameter",
      "Id": "YXBQH",
      "Segments": [
        0,
        0,
        0,
        7.433,
        0
      ]
    },
    {
      "Target": "Parameter",
      "Id": "BTYBZY",
      "Segments": [
        0,
        0,
        0,
        7.433,
        0
      ]
    },
    {
      "Target": "Parameter",
      "Id": "BTYBSX",
      "Segments": [
        0,
        0,
        0,
        7.433,
        0
      ]
    },
    {
      "Target": "Parameter",
      "Id": "BTYBJD",
      "Segments": [
        0,
        0,
        0,
        7.433,
        0
      ]
    },
    {
      "Target": "Parameter",
      "Id": "youshouY",
      "Segments": [
        0,
        0,
        0,
        7.433,
        0
      ]
    },
    {
      "Target": "Parameter",
      "Id": "zuotuoxieQH",
      "Segments": [
        0,
        0,
        0,
        7.433,
        0
      ]
    },
    {
      "Target": "Parameter",
      "Id": "ZTXX",
      "Segments": [
        0,
        0,
        0,
        7.433,
        0
      ]
    },
    {
      "Target": "Parameter",
      "Id": "ZTXY",
      "Segments": [
        0,
        0,
        0,
        7.433,
        0
      ]
    },
    {
      "Target": "Parameter",
      "Id": "ZTXJD",
      "Segments": [
        0,
        0,
        0,
        7.433,
        0
      ]
    },
    {
      "Target": "Parameter",
      "Id": "panciTDX",
      "Segments": [
        0,
        0,
        0,
        7.433,
        0
      ]
    },
    {
      "Target": "Parameter",
      "Id": "PANCITDY",
      "Segments": [
        0,
        0,
        0,
        7.433,
        0
      ]
    },
    {
      "Target": "Parameter",
      "Id": "pancirou",
      "Segments": [
        0,
        0,
        0,
        7.433,
        0
      ]
    },
    {
      "Target": "Parameter",
      "Id": "ZXtuodong",
      "Segments": [
        0,
        0,
        0,
        7.433,
        0
      ]
    },
    {
      "Target": "Parameter",
      "Id": "GYJS",
      "Segments": [
        0,
        0,
        0,
        7.433,
        0
      ]
    },
    {
      "Target": "Parameter",
      "Id": "GYHZ",
      "Segments": [
        0,
        0,
        0,
        7.433,
        0
      ]
    },
    {
      "Target": "Parameter",
      "Id": "GYDX",
      "Segments": [
        0,
        0,
        0,
        7.433,
        0
      ]
    },
    {
      "Target": "Parameter",
      "Id": "GYZUOYOU",
      "Segments": [
        0,
        0,
        0,
        7.433,
        0
      ]
    },
    {
      "Target": "Parameter",
      "Id": "GYSHANGXIA",
      "Segments": [
        0,
        0,
        0,
        7.433,
        0
      ]
    },
    {
      "Target": "Parameter",
      "Id": "guangyunZQ",
      "Segments": [
        0,
        0,
        0,
        7.433,
        0
      ]
    },
    {
      "Target": "Parameter",
      "Id": "GYTMD",
      "Segments": [
        0,
        0,
        0,
        7.433,
        0
      ]
    },
    {
      "Target": "Parameter",
      "Id": "ParamBodyAngleY",
      "Segments": [
        0,
        0,
        0,
        7.433,
        0
      ]
    },
    {
      "Target": "Parameter",
      "Id": "YYjiashen",
      "Segments": [
        0,
        0,
        0,
        7.433,
        0
      ]
    },
    {
      "Target": "Parameter",
      "Id": "TYYTMD",
      "Segments": [
        0,
        1,
        0,
        7.433,
        1
      ]
    },
    {
      "Target": "Parameter",
      "Id": "oupaijiya",
      "Segments": [
        0,
        0,
        0,
        7.433,
        0
      ]
    },
    {
      "Target": "2935860712",
      "Id": "2935860712",
      "Segments": [
        0,
        1,
        0,
        7.433,
        1
      ]
    }
  ],
  "UserData": [
    {
      "Time": 6.933,
      "Value": ""
    }
  ]
}