{
  "Version": 3,
  "Meta": {
    "Duration": 6.0,
    "Fps": 30.0,
    "Loop": false,
    "AreBeziersRestricted": true,
    "CurveCount": 153,
    "TotalSegmentCount": 559,
    "TotalPointCount": 1598,
    "UserDataCount": 1,
    "TotalUserDataSize": 0
  },
  "Curves": [
    {
      "Target": "Model",
      "Id": "LipSync",
      "Segments": [
        0,
        0,
        2,
        0.067,
        0,
        1,
        0.111,
        0,
        0.156,
        0.945,
        0.2,
        0.945,
        1,
        0.289,
        0.945,
        0.378,
        0,
        0.467,
        0,
        1,
        0.489,
        0,
        0.511,
        0.851,
        0.533,
        0.851,
        1,
        0.644,
        0.851,
        0.756,
        0,
        0.867,
        0,
        1,
        0.911,
        0,
        0.956,
        0.024,
        1,
        0.024,
        1,
        1.044,
        0.024,
        1.089,
        0,
        1.133,
        0,
        2,
        1.2,
        0,
        1,
        1.222,
        0,
        1.245,
        0.714,
        1.267,
        0.714,
        1,
        1.289,
        0.714,
        1.311,
        0.176,
        1.333,
        0.176,
        1,
        1.355,
        0.176,
        1.378,
        0.471,
        1.4,
        0.471,
        1,
        1.422,
        0.471,
        1.445,
        0.043,
        1.467,
        0.043,
        1,
        1.489,
        0.043,
        1.511,
        0.706,
        1.533,
        0.706,
        1,
        1.578,
        0.706,
        1.622,
        0.122,
        1.667,
        0.122,
        1,
        1.689,
        0.122,
        1.711,
        0.494,
        1.733,
        0.494,
        1,
        1.755,
        0.494,
        1.778,
        0.09,
        1.8,
        0.09,
        1,
        1.844,
        0.09,
        1.889,
        0.937,
        1.933,
        0.937,
        1,
        1.978,
        0.937,
        2.022,
        0.039,
        2.067,
        0.039,
        1,
        2.111,
        0.039,
        2.156,
        0.8,
        2.2,
        0.8,
        1,
        2.244,
        0.8,
        2.289,
        0.325,
        2.333,
        0.325,
        1,
        2.378,
        0.325,
        2.422,
        0.596,
        2.467,
        0.596,
        1,
        2.511,
        0.596,
        2.556,
        0.298,
        2.6,
        0.298,
        1,
        2.622,
        0.298,
        2.645,
        0.886,
        2.667,
        0.886,
        1,
        2.689,
        0.886,
        2.711,
        0.169,
        2.733,
        0.169,
        1,
        2.755,
        0.169,
        2.778,
        0.969,
        2.8,
        0.969,
        1,
        2.822,
        0.969,
        2.845,
        0.349,
        2.867,
        0.349,
        1,
        2.889,
        0.349,
        2.911,
        0.922,
        2.933,
        0.922,
        1,
        2.955,
        0.922,
        2.978,
        0.769,
        3,
        0.769,
        1,
        3.022,
        0.769,
        3.045,
        0.804,
        3.067,
        0.804,
        1,
        3.089,
        0.804,
        3.111,
        0.125,
        3.133,
        0.125,
        1,
        3.178,
        0.125,
        3.222,
        0.592,
        3.267,
        0.592,
        1,
        3.356,
        0.592,
        3.444,
        0.008,
        3.533,
        0.008,
        1,
        3.555,
        0.008,
        3.578,
        0.012,
        3.6,
        0.012,
        1,
        3.644,
        0.012,
        3.689,
        0,
        3.733,
        0,
        2,
        4.067,
        0,
        1,
        4.111,
        0,
        4.156,
        0.302,
        4.2,
        0.302,
        1,
        4.244,
        0.302,
        4.289,
        0,
        4.333,
        0,
        1,
        4.378,
        0,
        4.422,
        0.404,
        4.467,
        0.404,
        1,
        4.489,
        0.404,
        4.511,
        0.204,
        4.533,
        0.204,
        1,
        4.555,
        0.204,
        4.578,
        0.396,
        4.6,
        0.396,
        1,
        4.622,
        0.396,
        4.645,
        0.361,
        4.667,
        0.361,
        1,
        4.734,
        0.361,
        4.8,
        0.773,
        4.867,
        0.773,
        1,
        4.889,
        0.773,
        4.911,
        0.184,
        4.933,
        0.184,
        1,
        4.978,
        0.184,
        5.022,
        0.584,
        5.067,
        0.584,
        1,
        5.089,
        0.584,
        5.111,
        0.353,
        5.133,
        0.353,
        1,
        5.155,
        0.353,
        5.178,
        0.698,
        5.2,
        0.698,
        1,
        5.311,
        0.698,
        5.422,
        0,
        5.533,
        0,
        1,
        5.555,
        0,
        5.578,
        0.004,
        5.6,
        0.004,
        1,
        5.622,
        0.004,
        5.645,
        0,
        5.667,
        0,
        2,
        6,
        0
      ]
    },
    {
      "Target": "Parameter",
      "Id": "ParamAngleX",
      "Segments": [
        0,
        0,
        1,
        0.411,
        0,
        0.822,
        -0.001,
        1.233,
        -3.4,
        1,
        1.566,
        -6.156,
        1.9,
        -15,
        2.233,
        -15,
        1,
        3.489,
        -15,
        4.744,
        0,
        6,
        0
      ]
    },
    {
      "Target": "Parameter",
      "Id": "ParamAngleY",
      "Segments": [
        0,
        0,
        1,
        0.744,
        0,
        1.489,
        -9,
        2.233,
        -9,
        1,
        3.489,
        -9,
        4.744,
        0,
        6,
        0
      ]
    },
    {
      "Target": "Parameter",
      "Id": "ParamAngleZ",
      "Segments": [
        0,
        0,
        1,
        1,
        0,
        2,
        -4,
        3,
        -4,
        1,
        4,
        -4,
        5,
        0,
        6,
        0
      ]
    },
    {
      "Target": "Parameter",
      "Id": "boziqumian",
      "Segments": [
        0,
        0,
        1,
        0.667,
        0,
        1.333,
        -2,
        2,
        -2,
        1,
        3.333,
        -2,
        4.667,
        0,
        6,
        0
      ]
    },
    {
      "Target": "Parameter",
      "Id": "ParamEyeLOpen",
      "Segments": [
        0,
        1,
        1,
        0.222,
        1,
        0.445,
        0,
        0.667,
        0,
        1,
        0.856,
        0,
        1.044,
        1,
        1.233,
        1,
        2,
        1.7,
        1,
        1,
        1.878,
        1,
        2.055,
        0,
        2.233,
        0,
        2,
        3,
        0,
        2,
        3.867,
        0,
        1,
        4,
        0,
        4.134,
        0.362,
        4.267,
        0.6,
        1,
        4.378,
        0.798,
        4.489,
        0.8,
        4.6,
        0.8,
        2,
        4.933,
        0.8,
        1,
        5.044,
        0.8,
        5.156,
        0,
        5.267,
        0,
        1,
        5.511,
        0,
        5.756,
        1,
        6,
        1
      ]
    },
    {
      "Target": "Parameter",
      "Id": "ParamEyeROpen",
      "Segments": [
        0,
        1,
        1,
        0.222,
        1,
        0.445,
        0,
        0.667,
        0,
        1,
        0.856,
        0,
        1.044,
        1,
        1.233,
        1,
        2,
        1.7,
        1,
        1,
        1.878,
        1,
        2.055,
        0,
        2.233,
        0,
        2,
        3,
        0,
        2,
        3.867,
        0,
        2,
        5.267,
        0,
        1,
        5.511,
        0,
        5.756,
        1,
        6,
        1
      ]
    },
    {
      "Target": "Parameter",
      "Id": "ParamEyeBallX",
      "Segments": [
        0,
        0,
        1,
        0.222,
        0,
        0.445,
        -0.5,
        0.667,
        -0.5,
        1,
        0.856,
        -0.5,
        1.044,
        0.5,
        1.233,
        0.5,
        1,
        2.822,
        0.5,
        4.411,
        0,
        6,
        0
      ]
    },
    {
      "Target": "Parameter",
      "Id": "ParamEyeBallY",
      "Segments": [
        0,
        0,
        1,
        1.422,
        0,
        2.845,
        -0.2,
        4.267,
        -0.2,
        1,
        4.845,
        -0.2,
        5.422,
        0,
        6,
        0
      ]
    },
    {
      "Target": "Parameter",
      "Id": "TKDX",
      "Segments": [
        0,
        0,
        1,
        0.222,
        0,
        0.445,
        1,
        0.667,
        1,
        1,
        0.856,
        1,
        1.044,
        -1,
        1.233,
        -1,
        1,
        1.366,
        -1,
        1.5,
        0.6,
        1.633,
        0.6,
        1,
        1.755,
        0.6,
        1.878,
        0,
        2,
        0,
        1,
        2.622,
        0,
        3.245,
        1,
        3.867,
        1,
        1,
        4.111,
        1,
        4.356,
        -1,
        4.6,
        -1,
        1,
        4.711,
        -1,
        4.822,
        -0.229,
        4.933,
        0.2,
        1,
        5.111,
        0.887,
        5.289,
        1,
        5.467,
        1,
        1,
        5.645,
        1,
        5.822,
        0,
        6,
        0
      ]
    },
    {
      "Target": "Parameter",
      "Id": "GGDONGHUA",
      "Segments": [
        0,
        0,
        2,
        0.667,
        0,
        1,
        0.734,
        0,
        0.8,
        1,
        0.867,
        1,
        1,
        0.922,
        1,
        0.978,
        0,
        1.033,
        0,
        1,
        1.1,
        0,
        1.166,
        0.798,
        1.233,
        0.798,
        1,
        1.278,
        0.798,
        1.322,
        0,
        1.367,
        0,
        1,
        1.434,
        0,
        1.5,
        0.551,
        1.567,
        0.551,
        1,
        1.622,
        0.551,
        1.678,
        0,
        1.733,
        0,
        2,
        6,
        0
      ]
    },
    {
      "Target": "Parameter",
      "Id": "erhuanYB",
      "Segments": [
        0,
        0,
        1,
        0.367,
        0,
        0.733,
        -0.528,
        1.1,
        -0.528,
        1,
        1.556,
        -0.528,
        2.011,
        0.159,
        2.467,
        0.159,
        1,
        2.911,
        0.159,
        3.356,
        -0.5,
        3.8,
        -0.5,
        1,
        4.233,
        -0.5,
        4.667,
        0.7,
        5.1,
        0.7,
        1,
        5.4,
        0.7,
        5.7,
        0,
        6,
        0
      ]
    },
    {
      "Target": "Parameter",
      "Id": "ParamBrowLY",
      "Segments": [
        0,
        0,
        1,
        0.222,
        0,
        0.445,
        -1,
        0.667,
        -1,
        1,
        0.856,
        -1,
        1.044,
        -0.1,
        1.233,
        0.5,
        1,
        1.389,
        0.994,
        1.544,
        1,
        1.7,
        1,
        1,
        1.878,
        1,
        2.055,
        -1,
        2.233,
        -1,
        2,
        3.867,
        -1,
        1,
        4.322,
        -1,
        4.778,
        0,
        5.233,
        0,
        2,
        6,
        0
      ]
    },
    {
      "Target": "Parameter",
      "Id": "ParamBrowRY",
      "Segments": [
        0,
        0,
        1,
        0.222,
        0,
        0.445,
        -1,
        0.667,
        -1,
        1,
        0.856,
        -1,
        1.044,
        -0.1,
        1.233,
        0.5,
        1,
        1.389,
        0.994,
        1.544,
        1,
        1.7,
        1,
        1,
        1.878,
        1,
        2.055,
        -1,
        2.233,
        -1,
        2,
        3.867,
        -1,
        1,
        4.578,
        -1,
        5.289,
        0,
        6,
        0
      ]
    },
    {
      "Target": "Parameter",
      "Id": "ParamBrowLAngle",
      "Segments": [
        0,
        0,
        1,
        0.856,
        0,
        1.711,
        0.1,
        2.567,
        0.1,
        1,
        3.711,
        0.1,
        4.856,
        0,
        6,
        0
      ]
    },
    {
      "Target": "Parameter",
      "Id": "ParamBrowRAngle",
      "Segments": [
        0,
        0,
        1,
        0.856,
        0,
        1.711,
        0.1,
        2.567,
        0.1,
        1,
        3.711,
        0.1,
        4.856,
        0,
        6,
        0
      ]
    },
    {
      "Target": "Parameter",
      "Id": "ParamBrowLForm",
      "Segments": [
        0,
        0,
        1,
        0.856,
        0,
        1.711,
        -0.2,
        2.567,
        -0.2,
        1,
        3.711,
        -0.2,
        4.856,
        0,
        6,
        0
      ]
    },
    {
      "Target": "Parameter",
      "Id": "ParamBrowRForm",
      "Segments": [
        0,
        0,
        1,
        0.856,
        0,
        1.711,
        -0.2,
        2.567,
        -0.2,
        1,
        3.711,
        -0.2,
        4.856,
        0,
        6,
        0
      ]
    },
    {
      "Target": "Parameter",
      "Id": "ParamMouthForm",
      "Segments": [
        0,
        0,
        1,
        0.311,
        0,
        0.622,
        -1,
        0.933,
        -1,
        1,
        1.355,
        -1,
        1.778,
        1,
        2.2,
        1,
        2,
        4.167,
        1,
        1,
        4.778,
        1,
        5.389,
        0,
        6,
        0
      ]
    },
    {
      "Target": "Parameter",
      "Id": "ParamCheek",
      "Segments": [
        0,
        0,
        1,
        0.389,
        0,
        0.778,
        0.2,
        1.167,
        0.2,
        2,
        4.167,
        0.2,
        1,
        4.778,
        0.2,
        5.389,
        0,
        6,
        0
      ]
    },
    {
      "Target": "Parameter",
      "Id": "ParamBodyAngleX",
      "Segments": [
        0,
        0,
        1,
        1,
        0,
        2,
        10,
        3,
        10,
        1,
        4,
        10,
        5,
        0,
        6,
        0
      ]
    },
    {
      "Target": "Parameter",
      "Id": "ParamBodyAngleY1",
      "Segments": [
        0,
        0,
        2,
        1.5,
        0,
        1,
        2,
        0,
        2.5,
        -1,
        3,
        -1,
        1,
        3.611,
        -1,
        4.222,
        1,
        4.833,
        1,
        1,
        5.222,
        1,
        5.611,
        0,
        6,
        0
      ]
    },
    {
      "Target": "Parameter",
      "Id": "xiashenX",
      "Segments": [
        0,
        0,
        1,
        0.5,
        0,
        1,
        -0.6,
        1.5,
        -0.6,
        1,
        2.5,
        -0.6,
        3.5,
        0.6,
        4.5,
        0.6,
        1,
        5,
        0.6,
        5.5,
        0,
        6,
        0
      ]
    },
    {
      "Target": "Parameter",
      "Id": "XIASHENY",
      "Segments": [
        0,
        0,
        1,
        0.611,
        0,
        1.222,
        -1,
        1.833,
        -1,
        1,
        2.644,
        -1,
        3.456,
        1,
        4.267,
        1,
        1,
        4.845,
        1,
        5.422,
        0,
        6,
        0
      ]
    },
    {
      "Target": "Parameter",
      "Id": "ParamBodyAngleZ",
      "Segments": [
        0,
        0,
        1,
        1,
        0,
        2,
        -1,
        3,
        -1,
        1,
        4,
        -1,
        5,
        0,
        6,
        0
      ]
    },
    {
      "Target": "Parameter",
      "Id": "XSX",
      "Segments": [
        0,
        0,
        0,
        6,
        -0.01
      ]
    },
    {
      "Target": "Parameter",
      "Id": "XDYB",
      "Segments": [
        0,
        -0.002,
        1,
        0.222,
        -0.002,
        0.445,
        -0.439,
        0.667,
        -0.439,
        1,
        0.989,
        -0.439,
        1.311,
        0.258,
        1.633,
        0.258,
        1,
        1.978,
        0.258,
        2.322,
        -0.369,
        2.667,
        -0.369,
        1,
        3.022,
        -0.369,
        3.378,
        0.286,
        3.733,
        0.286,
        1,
        4.1,
        0.286,
        4.466,
        -0.296,
        4.833,
        -0.296,
        1,
        5.066,
        -0.296,
        5.3,
        0.211,
        5.533,
        0.211,
        1,
        5.689,
        0.211,
        5.844,
        -0.002,
        6,
        -0.002
      ]
    },
    {
      "Target": "Parameter",
      "Id": "XDBX",
      "Segments": [
        0,
        0,
        2,
        0.033,
        0,
        1,
        0.155,
        0,
        0.278,
        0.167,
        0.4,
        0.167,
        1,
        0.5,
        0.167,
        0.6,
        0.105,
        0.7,
        0.105,
        1,
        0.844,
        0.105,
        0.989,
        0.154,
        1.133,
        0.154,
        2,
        1.167,
        0.154,
        1,
        1.178,
        0.154,
        1.189,
        0.155,
        1.2,
        0.155,
        1,
        1.356,
        0.155,
        1.511,
        0.137,
        1.667,
        0.137,
        2,
        1.7,
        0.137,
        1,
        2.489,
        0.137,
        3.278,
        -0.145,
        4.067,
        -0.145,
        2,
        4.1,
        -0.145,
        1,
        4.111,
        -0.145,
        4.122,
        -0.147,
        4.133,
        -0.147,
        1,
        4.144,
        -0.147,
        4.156,
        -0.146,
        4.167,
        -0.146,
        1,
        4.178,
        -0.146,
        4.189,
        -0.147,
        4.2,
        -0.147,
        2,
        4.233,
        -0.147,
        1,
        4.244,
        -0.147,
        4.256,
        -0.148,
        4.267,
        -0.148,
        1,
        4.278,
        -0.148,
        4.289,
        -0.147,
        4.3,
        -0.147,
        1,
        4.311,
        -0.147,
        4.322,
        -0.148,
        4.333,
        -0.148,
        1,
        4.344,
        -0.148,
        4.356,
        -0.146,
        4.367,
        -0.146,
        1,
        4.378,
        -0.146,
        4.389,
        -0.147,
        4.4,
        -0.147,
        1,
        4.933,
        -0.147,
        5.467,
        0.038,
        6,
        0.038
      ]
    },
    {
      "Target": "Parameter",
      "Id": "ZXZY",
      "Segments": [
        0,
        0,
        0,
        6,
        -0.015
      ]
    },
    {
      "Target": "Parameter",
      "Id": "ZXSBX",
      "Segments": [
        0,
        0,
        1,
        0.256,
        0,
        0.511,
        1,
        0.767,
        1,
        1,
        1.011,
        1,
        1.256,
        0.682,
        1.5,
        0,
        1,
        1.733,
        -0.651,
        1.967,
        -1,
        2.2,
        -1,
        1,
        2.467,
        -1,
        2.733,
        -0.681,
        3,
        0,
        1,
        3.256,
        0.652,
        3.511,
        1,
        3.767,
        1,
        1,
        4.011,
        1,
        4.256,
        0.682,
        4.5,
        0,
        1,
        4.733,
        -0.651,
        4.967,
        -1,
        5.2,
        -1,
        1,
        5.467,
        -1,
        5.733,
        0,
        6,
        0
      ]
    },
    {
      "Target": "Parameter",
      "Id": "ZXSDX",
      "Segments": [
        0,
        0,
        1,
        0.256,
        0,
        0.511,
        -0.159,
        0.767,
        -0.5,
        1,
        1.011,
        -0.826,
        1.256,
        -1,
        1.5,
        -1,
        1,
        1.733,
        -1,
        1.967,
        -0.81,
        2.2,
        -0.5,
        1,
        2.467,
        -0.146,
        2.733,
        0,
        3,
        0,
        1,
        3.256,
        0,
        3.511,
        -0.159,
        3.767,
        -0.5,
        1,
        4.011,
        -0.826,
        4.256,
        -1,
        4.5,
        -1,
        1,
        4.733,
        -1,
        4.967,
        -0.81,
        5.2,
        -0.5,
        1,
        5.467,
        -0.146,
        5.733,
        0,
        6,
        0
      ]
    },
    {
      "Target": "Parameter",
      "Id": "YXZY",
      "Segments": [
        0,
        0,
        0,
        6,
        0.008
      ]
    },
    {
      "Target": "Parameter",
      "Id": "YXSBX",
      "Segments": [
        0,
        0,
        1,
        0.256,
        0,
        0.511,
        0.6,
        0.767,
        0.6,
        1,
        1.011,
        0.6,
        1.256,
        0.505,
        1.5,
        0,
        1,
        1.733,
        -0.482,
        1.967,
        -1,
        2.2,
        -1,
        1,
        2.467,
        -1,
        2.733,
        -0.681,
        3,
        0,
        1,
        3.256,
        0.652,
        3.511,
        1,
        3.767,
        1,
        1,
        4.011,
        1,
        4.256,
        0.517,
        4.5,
        0,
        1,
        4.733,
        -0.494,
        4.967,
        -0.6,
        5.2,
        -0.6,
        1,
        5.467,
        -0.6,
        5.733,
        0,
        6,
        0
      ]
    },
    {
      "Target": "Parameter",
      "Id": "YXSDX",
      "Segments": [
        0,
        0,
        1,
        0.256,
        0,
        0.511,
        -0.317,
        0.767,
        -0.63,
        1,
        1.011,
        -0.929,
        1.256,
        -0.984,
        1.5,
        -0.984,
        1,
        1.733,
        -0.984,
        1.967,
        -0.805,
        2.2,
        -0.5,
        1,
        2.467,
        -0.151,
        2.733,
        0,
        3,
        0,
        1,
        3.256,
        0,
        3.511,
        -0.165,
        3.767,
        -0.5,
        1,
        4.011,
        -0.821,
        4.256,
        -0.984,
        4.5,
        -0.984,
        1,
        4.733,
        -0.984,
        4.967,
        -0.505,
        5.2,
        -0.274,
        1,
        5.467,
        -0.01,
        5.733,
        0,
        6,
        0
      ]
    },
    {
      "Target": "Parameter",
      "Id": "ParamBreath",
      "Segments": [
        0,
        0,
        1,
        0.333,
        0,
        0.667,
        1,
        1,
        1,
        1,
        1.667,
        1,
        2.333,
        0,
        3,
        0,
        1,
        3.333,
        0,
        3.667,
        1,
        4,
        1,
        1,
        4.667,
        1,
        5.333,
        0,
        6,
        0
      ]
    },
    {
      "Target": "Parameter",
      "Id": "ParamHairFront",
      "Segments": [
        0,
        0,
        2,
        0.033,
        0,
        1,
        0.222,
        0,
        0.411,
        -0.024,
        0.6,
        -0.024,
        1,
        0.7,
        -0.024,
        0.8,
        -0.013,
        0.9,
        -0.013,
        1,
        1.044,
        -0.013,
        1.189,
        -0.028,
        1.333,
        -0.028,
        1,
        1.466,
        -0.028,
        1.6,
        -0.02,
        1.733,
        -0.02,
        2,
        1.767,
        -0.02,
        2,
        1.8,
        -0.02,
        1,
        1.967,
        -0.02,
        2.133,
        -0.026,
        2.3,
        -0.026,
        1,
        3.067,
        -0.026,
        3.833,
        0.029,
        4.6,
        0.029,
        1,
        5.067,
        0.029,
        5.533,
        -0.007,
        6,
        -0.007
      ]
    },
    {
      "Target": "Parameter",
      "Id": "qianfaBX",
      "Segments": [
        0,
        0,
        2,
        0.033,
        0,
        1,
        0.155,
        0,
        0.278,
        -0.046,
        0.4,
        -0.046,
        1,
        0.522,
        -0.046,
        0.645,
        -0.026,
        0.767,
        -0.026,
        1,
        0.889,
        -0.026,
        1.011,
        -0.034,
        1.133,
        -0.034,
        1,
        1.3,
        -0.034,
        1.466,
        -0.014,
        1.633,
        -0.014,
        1,
        1.855,
        -0.014,
        2.078,
        -0.038,
        2.3,
        -0.038,
        1,
        2.911,
        -0.038,
        3.522,
        0.035,
        4.133,
        0.035,
        2,
        4.167,
        0.035,
        1,
        4.178,
        0.035,
        4.189,
        0.036,
        4.2,
        0.036,
        2,
        4.233,
        0.036,
        2,
        4.267,
        0.036,
        2,
        4.3,
        0.036,
        2,
        4.333,
        0.036,
        2,
        4.367,
        0.036,
        2,
        4.4,
        0.036,
        1,
        4.933,
        0.036,
        5.467,
        -0.009,
        6,
        -0.009
      ]
    },
    {
      "Target": "Parameter",
      "Id": "ParamHairSide",
      "Segments": [
        0,
        0,
        1,
        0.178,
        0,
        0.355,
        0.324,
        0.533,
        0.324,
        1,
        0.811,
        0.324,
        1.089,
        -0.313,
        1.367,
        -0.313,
        1,
        1.734,
        -0.313,
        2.1,
        0.201,
        2.467,
        0.201,
        1,
        2.689,
        0.201,
        2.911,
        -0.313,
        3.133,
        -0.313,
        1,
        3.511,
        -0.313,
        3.889,
        0.26,
        4.267,
        0.26,
        1,
        4.622,
        0.26,
        4.978,
        -0.379,
        5.333,
        -0.379,
        1,
        5.555,
        -0.379,
        5.778,
        -0.008,
        6,
        -0.008
      ]
    },
    {
      "Target": "Parameter",
      "Id": "ParamHairBack",
      "Segments": [
        0,
        0,
        2,
        0.033,
        0,
        1,
        0.189,
        0,
        0.344,
        -0.013,
        0.5,
        -0.013,
        1,
        0.611,
        -0.013,
        0.722,
        -0.007,
        0.833,
        -0.007,
        1,
        1,
        -0.007,
        1.166,
        -0.014,
        1.333,
        -0.014,
        1,
        1.466,
        -0.014,
        1.6,
        -0.01,
        1.733,
        -0.01,
        1,
        1.744,
        -0.01,
        1.756,
        -0.011,
        1.767,
        -0.011,
        1,
        1.778,
        -0.011,
        1.789,
        -0.01,
        1.8,
        -0.01,
        1,
        1.9,
        -0.01,
        2,
        -0.011,
        2.1,
        -0.011,
        2,
        2.133,
        -0.011,
        2,
        2.167,
        -0.011,
        2,
        2.2,
        -0.011,
        2,
        2.233,
        -0.011,
        1,
        3,
        -0.011,
        3.766,
        0.014,
        4.533,
        0.014,
        1,
        5.022,
        0.014,
        5.511,
        -0.003,
        6,
        -0.003
      ]
    },
    {
      "Target": "Parameter",
      "Id": "ZSBX",
      "Segments": [
        0,
        0,
        1,
        0.667,
        0,
        1.333,
        0.104,
        2,
        0.104,
        1,
        3.333,
        0.104,
        4.667,
        0,
        6,
        0
      ]
    },
    {
      "Target": "Parameter",
      "Id": "ZXBXZ",
      "Segments": [
        0,
        0,
        1,
        0.667,
        0,
        1.333,
        -0.441,
        2,
        -0.441,
        1,
        3.333,
        -0.441,
        4.667,
        0,
        6,
        0
      ]
    },
    {
      "Target": "Parameter",
      "Id": "ZXBX",
      "Segments": [
        0,
        0,
        1,
        1,
        0,
        2,
        0.3,
        3,
        0.3,
        1,
        4,
        0.3,
        5,
        0,
        6,
        0
      ]
    },
    {
      "Target": "Parameter",
      "Id": "ZSXZ",
      "Segments": [
        0,
        0,
        1,
        0.6,
        0,
        1.2,
        -0.101,
        1.8,
        -0.101,
        1,
        2.467,
        -0.101,
        3.133,
        0.119,
        3.8,
        0.119,
        1,
        4.533,
        0.119,
        5.267,
        0,
        6,
        0
      ]
    },
    {
      "Target": "Parameter",
      "Id": "zuoshouX",
      "Segments": [
        0,
        0,
        1,
        0.333,
        0,
        0.667,
        -1,
        1,
        -1,
        1,
        1.667,
        -1,
        2.333,
        1,
        3,
        1,
        1,
        3.733,
        1,
        4.467,
        -0.5,
        5.2,
        -0.5,
        1,
        5.467,
        -0.5,
        5.733,
        0,
        6,
        0
      ]
    },
    {
      "Target": "Parameter",
      "Id": "ZSZ01",
      "Segments": [
        0,
        0,
        1,
        0.333,
        0,
        0.667,
        -0.5,
        1,
        -0.5,
        1,
        1.833,
        -0.5,
        2.667,
        0.5,
        3.5,
        0.5,
        1,
        4.333,
        0.5,
        5.167,
        0,
        6,
        0
      ]
    },
    {
      "Target": "Parameter",
      "Id": "ZSZ02",
      "Segments": [
        0,
        0,
        1,
        0.333,
        0,
        0.667,
        -0.5,
        1,
        -0.5,
        1,
        1.833,
        -0.5,
        2.667,
        0.5,
        3.5,
        0.5,
        1,
        4.333,
        0.5,
        5.167,
        0,
        6,
        0
      ]
    },
    {
      "Target": "Parameter",
      "Id": "ZSZ03",
      "Segments": [
        0,
        0,
        1,
        0.333,
        0,
        0.667,
        -0.6,
        1,
        -0.6,
        1,
        1.833,
        -0.6,
        2.667,
        0.5,
        3.5,
        0.5,
        1,
        4.333,
        0.5,
        5.167,
        0,
        6,
        0
      ]
    },
    {
      "Target": "Parameter",
      "Id": "ZSZ04",
      "Segments": [
        0,
        0,
        1,
        0.333,
        0,
        0.667,
        -0.6,
        1,
        -0.6,
        1,
        1.833,
        -0.6,
        2.667,
        0.5,
        3.5,
        0.5,
        1,
        4.333,
        0.5,
        5.167,
        0,
        6,
        0
      ]
    },
    {
      "Target": "Parameter",
      "Id": "YBXZ",
      "Segments": [
        0,
        0,
        1,
        0.778,
        0,
        1.555,
        5,
        2.333,
        5,
        1,
        3.555,
        5,
        4.778,
        0,
        6,
        0
      ]
    },
    {
      "Target": "Parameter",
      "Id": "YXBXZ",
      "Segments": [
        0,
        0,
        1,
        0.333,
        0,
        0.667,
        -4,
        1,
        -4,
        1,
        1.844,
        -4,
        2.689,
        4,
        3.533,
        4,
        1,
        4.355,
        4,
        5.178,
        0,
        6,
        0
      ]
    },
    {
      "Target": "Parameter",
      "Id": "YSXZ",
      "Segments": [
        0,
        0,
        1,
        0.467,
        0,
        0.933,
        -0.17,
        1.4,
        -0.17,
        1,
        1.933,
        -0.17,
        2.467,
        0,
        3,
        0,
        1,
        3.611,
        0,
        4.222,
        -0.153,
        4.833,
        -0.153,
        1,
        5.222,
        -0.153,
        5.611,
        0,
        6,
        0
      ]
    },
    {
      "Target": "Parameter",
      "Id": "YOUSHOUx",
      "Segments": [
        0,
        0,
        1,
        1,
        0,
        2,
        -1,
        3,
        -1,
        1,
        4,
        -1,
        5,
        0,
        6,
        0
      ]
    },
    {
      "Target": "Parameter",
      "Id": "youshouY",
      "Segments": [
        0,
        0,
        1,
        0.5,
        0,
        1,
        1,
        1.5,
        1,
        1,
        2.333,
        1,
        3.167,
        -1,
        4,
        -1,
        1,
        4.667,
        -1,
        5.333,
        0,
        6,
        0
      ]
    },
    {
      "Target": "Parameter",
      "Id": "YSZ1",
      "Segments": [
        0,
        0,
        1,
        1,
        0,
        2,
        -1,
        3,
        -1,
        1,
        4,
        -1,
        5,
        0,
        6,
        0
      ]
    },
    {
      "Target": "Parameter",
      "Id": "YSZ2",
      "Segments": [
        0,
        0,
        2,
        1,
        0,
        1,
        1.667,
        0,
        2.333,
        -1,
        3,
        -1,
        1,
        4,
        -1,
        5,
        0,
        6,
        0
      ]
    },
    {
      "Target": "Parameter",
      "Id": "YSZ3",
      "Segments": [
        0,
        0,
        2,
        1,
        0,
        1,
        1.667,
        0,
        2.333,
        -1,
        3,
        -1,
        1,
        4,
        -1,
        5,
        0,
        6,
        0
      ]
    },
    {
      "Target": "Parameter",
      "Id": "YSZ4",
      "Segments": [
        0,
        0,
        1,
        0.333,
        0,
        0.667,
        0.2,
        1,
        0.2,
        1,
        1.667,
        0.2,
        2.333,
        -1,
        3,
        -1,
        1,
        3.667,
        -1,
        4.333,
        0.2,
        5,
        0.2,
        1,
        5.333,
        0.2,
        5.667,
        0,
        6,
        0
      ]
    },
    {
      "Target": "Parameter",
      "Id": "YSZ5",
      "Segments": [
        0,
        0,
        1,
        0.167,
        0,
        0.333,
        0.2,
        0.5,
        0.2,
        1,
        1.333,
        0.2,
        2.167,
        -1,
        3,
        -1,
        1,
        3.5,
        -1,
        4,
        0.2,
        4.5,
        0.2,
        1,
        5,
        0.2,
        5.5,
        0,
        6,
        0
      ]
    },
    {
      "Target": "Parameter",
      "Id": "ZXTXZ",
      "Segments": [
        0,
        0,
        1,
        0.267,
        0,
        0.533,
        2,
        0.8,
        2,
        1,
        1.189,
        2,
        1.578,
        0,
        1.967,
        0,
        1,
        2.322,
        0,
        2.678,
        2,
        3.033,
        2,
        1,
        3.389,
        2,
        3.744,
        0,
        4.1,
        0,
        1,
        4.4,
        0,
        4.7,
        1,
        5,
        1,
        1,
        5.333,
        1,
        5.667,
        0,
        6,
        0
      ]
    },
    {
      "Target": "Parameter",
      "Id": "ZJXZ",
      "Segments": [
        0,
        0,
        2,
        1,
        0,
        1,
        1.389,
        0,
        1.778,
        -0.4,
        2.167,
        -0.4,
        1,
        2.522,
        -0.4,
        2.878,
        0,
        3.233,
        0,
        1,
        3.589,
        0,
        3.944,
        -0.25,
        4.3,
        -0.25,
        1,
        4.867,
        -0.25,
        5.433,
        0,
        6,
        0
      ]
    },
    {
      "Target": "Parameter",
      "Id": "ZTXQM",
      "Segments": [
        0,
        0,
        1,
        1.022,
        0,
        2.045,
        1,
        3.067,
        1,
        1,
        4.045,
        1,
        5.022,
        0,
        6,
        0
      ]
    },
    {
      "Target": "Parameter",
      "Id": "zuojiaoTX",
      "Segments": [
        0,
        1,
        1,
        1,
        1,
        2,
        0,
        3,
        0,
        1,
        4,
        0,
        5,
        1,
        6,
        1
      ]
    },
    {
      "Target": "Parameter",
      "Id": "YXTXZ",
      "Segments": [
        0,
        0,
        1,
        0.5,
        0,
        1,
        2,
        1.5,
        2,
        1,
        2.044,
        2,
        2.589,
        0,
        3.133,
        0,
        1,
        3.755,
        0,
        4.378,
        2,
        5,
        2,
        1,
        5.333,
        2,
        5.667,
        0,
        6,
        0
      ]
    },
    {
      "Target": "Parameter",
      "Id": "YJXZ",
      "Segments": [
        0,
        0,
        1,
        0.289,
        0,
        0.578,
        -0.5,
        0.867,
        -0.5,
        1,
        1.334,
        -0.5,
        1.8,
        0,
        2.267,
        0,
        1,
        2.845,
        0,
        3.422,
        -0.6,
        4,
        -0.6,
        1,
        4.667,
        -0.6,
        5.333,
        0,
        6,
        0
      ]
    },
    {
      "Target": "Parameter",
      "Id": "shufanye",
      "Segments": [
        0,
        0,
        1,
        0.167,
        0,
        0.333,
        0.5,
        0.5,
        0.5,
        1,
        1.333,
        0.5,
        2.167,
        0,
        3,
        0,
        1,
        3.333,
        0,
        3.667,
        0.3,
        4,
        0.3,
        1,
        4.667,
        0.3,
        5.333,
        0,
        6,
        0
      ]
    },
    {
      "Target": "Parameter",
      "Id": "shuqianPD",
      "Segments": [
        0,
        0,
        1,
        0.333,
        0,
        0.667,
        -1,
        1,
        -1,
        1,
        1.333,
        -1,
        1.667,
        1,
        2,
        1,
        1,
        2.333,
        1,
        2.667,
        -0.581,
        3,
        -0.581,
        1,
        3.333,
        -0.581,
        3.667,
        1,
        4,
        1,
        1,
        4.333,
        1,
        4.667,
        -1,
        5,
        -1,
        1,
        5.333,
        -1,
        5.667,
        0,
        6,
        0
      ]
    },
    {
      "Target": "Parameter",
      "Id": "shiwuhe",
      "Segments": [
        0,
        0,
        1,
        0.333,
        0,
        0.667,
        -1,
        1,
        -1,
        1,
        1.667,
        -1,
        2.333,
        1,
        3,
        1,
        1,
        3.667,
        1,
        4.333,
        -1,
        5,
        -1,
        1,
        5.333,
        -1,
        5.667,
        0,
        6,
        0
      ]
    },
    {
      "Target": "Parameter",
      "Id": "SWHBZ",
      "Segments": [
        0,
        0,
        1,
        0.167,
        0,
        0.333,
        0.277,
        0.5,
        0.277,
        1,
        1,
        0.277,
        1.5,
        -0.381,
        2,
        -0.381,
        1,
        2.667,
        -0.381,
        3.333,
        0.237,
        4,
        0.237,
        1,
        4.5,
        0.237,
        5,
        -0.1,
        5.5,
        -0.1,
        1,
        5.667,
        -0.1,
        5.833,
        0,
        6,
        0
      ]
    },
    {
      "Target": "Parameter",
      "Id": "PCDYB",
      "Segments": [
        0,
        0,
        1,
        0.222,
        0,
        0.445,
        -0.7,
        0.667,
        -0.7,
        1,
        1.167,
        -0.7,
        1.667,
        0.8,
        2.167,
        0.8,
        1,
        2.667,
        0.8,
        3.167,
        -0.6,
        3.667,
        -0.6,
        1,
        4.156,
        -0.6,
        4.644,
        0.7,
        5.133,
        0.7,
        1,
        5.422,
        0.7,
        5.711,
        0,
        6,
        0
      ]
    },
    {
      "Target": "Parameter",
      "Id": "PGYYTMD",
      "Segments": [
        0,
        0,
        1,
        0.222,
        0,
        0.445,
        1,
        0.667,
        1,
        2,
        1.567,
        1,
        1,
        1.9,
        1,
        2.234,
        0,
        2.567,
        0,
        1,
        2.867,
        0,
        3.167,
        0.515,
        3.467,
        0.7,
        1,
        3.8,
        0.906,
        4.134,
        0.9,
        4.467,
        0.9,
        1,
        4.978,
        0.9,
        5.489,
        0,
        6,
        0
      ]
    },
    {
      "Target": "Parameter",
      "Id": "GYJS",
      "Segments": [
        0,
        0,
        2,
        2.167,
        0,
        1,
        3.334,
        0,
        4.5,
        10,
        5.667,
        10,
        1,
        5.778,
        10,
        5.889,
        0,
        6,
        0
      ]
    },
    {
      "Target": "Parameter",
      "Id": "GYHZ",
      "Segments": [
        0,
        0,
        1,
        0.144,
        -2.333,
        0.289,
        -4.667,
        0.433,
        -7,
        1,
        1.011,
        -5,
        1.589,
        -3,
        2.167,
        -1,
        1,
        3.334,
        -2.333,
        4.5,
        -3.667,
        5.667,
        -5,
        1,
        5.778,
        -3.333,
        5.889,
        -1.667,
        6,
        0
      ]
    },
    {
      "Target": "Parameter",
      "Id": "GYDX",
      "Segments": [
        0,
        0,
        1,
        0.289,
        -0.333,
        0.578,
        -0.667,
        0.867,
        -1,
        1,
        1.3,
        -0.433,
        1.734,
        0.133,
        2.167,
        0.7,
        1,
        3.334,
        0.8,
        4.5,
        0.9,
        5.667,
        1,
        1,
        5.778,
        0.667,
        5.889,
        0.333,
        6,
        0
      ]
    },
    {
      "Target": "Parameter",
      "Id": "GYZUOYOU",
      "Segments": [
        0,
        0,
        1,
        0.411,
        0,
        0.822,
        16,
        1.233,
        16,
        2,
        2.167,
        16,
        1,
        3.334,
        16,
        4.5,
        -7.301,
        5.667,
        -7.301,
        1,
        5.778,
        -4.867,
        5.889,
        -2.434,
        6,
        0
      ]
    },
    {
      "Target": "Parameter",
      "Id": "GYSHANGXIA",
      "Segments": [
        0,
        0,
        1,
        0.411,
        0,
        0.822,
        0.039,
        1.233,
        3,
        1,
        1.544,
        6.206,
        1.856,
        14.81,
        2.167,
        14.81,
        1,
        3.334,
        14.81,
        4.5,
        11.085,
        5.667,
        2.474,
        1,
        5.778,
        1.649,
        5.889,
        0.825,
        6,
        0
      ]
    },
    {
      "Target": "Parameter",
      "Id": "guangyunZQ",
      "Segments": [
        0,
        0,
        2,
        1.233,
        0,
        2,
        2,
        0,
        1,
        2.2,
        0.359,
        2.4,
        0.498,
        2.6,
        0.5,
        2,
        3.167,
        0.5,
        1,
        3.822,
        0.5,
        4.478,
        1,
        5.133,
        1,
        1,
        5.422,
        1,
        5.711,
        0,
        6,
        0
      ]
    },
    {
      "Target": "Parameter",
      "Id": "GYTMD",
      "Segments": [
        0,
        0,
        1,
        0.411,
        0,
        0.822,
        1,
        1.233,
        1,
        2,
        2.933,
        1,
        2,
        4.967,
        1,
        1,
        5.145,
        1,
        5.322,
        0,
        5.5,
        0,
        2,
        6,
        0
      ]
    },
    {
      "Target": "Parameter",
      "Id": "ParamBodyAngleY",
      "Segments": [
        0,
        0,
        1,
        0.444,
        -10,
        0.889,
        -10,
        1.333,
        -10,
        1,
        2.6,
        -9.29,
        3.866,
        -6.968,
        5.133,
        10,
        1,
        5.422,
        10,
        5.711,
        0,
        6,
        0
      ]
    },
    {
      "Target": "Parameter",
      "Id": "YYjiashen",
      "Segments": [
        0,
        0,
        2,
        1.233,
        0,
        1,
        1.733,
        0,
        2.233,
        1,
        2.733,
        1,
        2,
        3.5,
        1,
        2,
        4.7,
        1,
        1,
        4.956,
        1,
        5.211,
        0,
        5.467,
        0,
        2,
        6,
        0
      ]
    },
    {
      "Target": "Parameter",
      "Id": "TYYTMD",
      "Segments": [
        0,
        1,
        2,
        0.3,
        1,
        1,
        0.611,
        1,
        0.922,
        0,
        1.233,
        0,
        2,
        3.5,
        0,
        2,
        4.7,
        0,
        1,
        4.956,
        0,
        5.211,
        1,
        5.467,
        1,
        2,
        6,
        1
      ]
    },
    {
      "Target": "Parameter",
      "Id": "zongxie",
      "Segments": [
        0,
        0,
        1,
        0.411,
        0,
        0.822,
        -0.6,
        1.233,
        -0.6,
        1,
        2.222,
        -0.6,
        3.211,
        0.6,
        4.2,
        0.6,
        1,
        4.8,
        0.6,
        5.4,
        0,
        6,
        0
      ]
    },
    {
      "Target": "Parameter",
      "Id": "fubu",
      "Segments": [
        0,
        0,
        1,
        0.411,
        0,
        0.822,
        0.6,
        1.233,
        0.6,
        1,
        1.678,
        0.6,
        2.122,
        -0.5,
        2.567,
        -0.5,
        1,
        3.145,
        -0.5,
        3.722,
        0.5,
        4.3,
        0.5,
        1,
        4.867,
        0.5,
        5.433,
        0,
        6,
        0
      ]
    },
    {
      "Target": "Parameter",
      "Id": "MZPDJD",
      "Segments": [
        0,
        0,
        2,
        0.9,
        0,
        1,
        1.233,
        -0.235,
        1.567,
        -0.4,
        1.9,
        -0.4,
        1,
        2.211,
        -0.4,
        2.522,
        -0.304,
        2.833,
        0,
        1,
        3.122,
        0.283,
        3.411,
        0.5,
        3.7,
        0.5,
        1,
        4.033,
        0.5,
        4.367,
        0,
        4.7,
        0,
        2,
        6,
        0
      ]
    },
    {
      "Target": "Parameter",
      "Id": "MZPDBX",
      "Segments": [
        0,
        0,
        1,
        0.3,
        0,
        0.6,
        0.5,
        0.9,
        0.5,
        1,
        1.233,
        0.5,
        1.567,
        0.449,
        1.9,
        0,
        1,
        2.211,
        -0.419,
        2.522,
        -1,
        2.833,
        -1,
        1,
        3.122,
        -1,
        3.411,
        -0.719,
        3.7,
        -0.1,
        1,
        4.033,
        0.614,
        4.367,
        1,
        4.7,
        1,
        1,
        5.133,
        1,
        5.567,
        0,
        6,
        0
      ]
    },
    {
      "Target": "Parameter",
      "Id": "pancizhezou",
      "Segments": [
        0,
        0,
        1,
        0.356,
        0,
        0.711,
        -1,
        1.067,
        -1,
        1,
        1.611,
        -1,
        2.156,
        1,
        2.7,
        1,
        1,
        3.311,
        1,
        3.922,
        -1,
        4.533,
        -1,
        1,
        5.022,
        -1,
        5.511,
        0,
        6,
        0
      ]
    },
    {
      "Target": "Parameter",
      "Id": "toushizhezou",
      "Segments": [
        0,
        0,
        1,
        0.233,
        0,
        0.467,
        -0.686,
        0.7,
        -0.686,
        1,
        1.133,
        -0.686,
        1.567,
        0.642,
        2,
        0.642,
        1,
        2.489,
        0.642,
        2.978,
        -0.686,
        3.467,
        -0.686,
        1,
        3.911,
        -0.686,
        4.356,
        0.642,
        4.8,
        0.642,
        1,
        5.2,
        0.642,
        5.6,
        0,
        6,
        0
      ]
    },
    {
      "Target": "Parameter",
      "Id": "zongZY",
      "Segments": [
        0,
        0,
        1,
        0.478,
        0,
        0.955,
        3,
        1.433,
        3,
        1,
        2.133,
        3,
        2.833,
        -2,
        3.533,
        -2,
        1,
        4.355,
        -2,
        5.178,
        0,
        6,
        0
      ]
    },
    {
      "Target": "Parameter",
      "Id": "zongjiaodi",
      "Segments": [
        0,
        0,
        1,
        0.344,
        0,
        0.689,
        -0.3,
        1.033,
        -0.3,
        1,
        1.633,
        -0.3,
        2.233,
        0.4,
        2.833,
        0.4,
        1,
        3.355,
        0.4,
        3.878,
        -0.1,
        4.4,
        -0.1,
        1,
        4.933,
        -0.1,
        5.467,
        0,
        6,
        0
      ]
    },
    {
      "Target": "Parameter",
      "Id": "XSDSX",
      "Segments": [
        0,
        0,
        1,
        0.222,
        0,
        0.445,
        -0.915,
        0.667,
        -0.915,
        1,
        0.967,
        -0.915,
        1.267,
        0.895,
        1.567,
        0.895,
        1,
        1.889,
        0.895,
        2.211,
        -0.826,
        2.533,
        -0.826,
        1,
        2.844,
        -0.826,
        3.156,
        0.762,
        3.467,
        0.762,
        1,
        3.8,
        0.762,
        4.134,
        -0.747,
        4.467,
        -0.747,
        1,
        4.767,
        -0.747,
        5.067,
        0.626,
        5.367,
        0.626,
        1,
        5.578,
        0.626,
        5.789,
        0,
        6,
        0
      ]
    },
    {
      "Target": "Parameter",
      "Id": "ZBXZ",
      "Segments": [
        0,
        0,
        1,
        0.5,
        0,
        1,
        -0.411,
        1.5,
        -0.411,
        1,
        2.5,
        -0.411,
        3.5,
        0.509,
        4.5,
        0.509,
        1,
        5,
        0.509,
        5.5,
        0,
        6,
        0
      ]
    },
    {
      "Target": "Parameter",
      "Id": "yifujiaodu",
      "Segments": [
        0,
        0,
        1,
        0.211,
        0,
        0.422,
        0.167,
        0.633,
        0.167,
        1,
        1.066,
        0.167,
        1.5,
        -0.286,
        1.933,
        -0.286,
        1,
        2.389,
        -0.286,
        2.844,
        0.167,
        3.3,
        0.167,
        1,
        3.722,
        0.167,
        4.145,
        -0.173,
        4.567,
        -0.173,
        1,
        5.045,
        -0.173,
        5.522,
        0,
        6,
        0
      ]
    },
    {
      "Target": "Parameter",
      "Id": "yifubianxin",
      "Segments": [
        0,
        0,
        1,
        0.356,
        0,
        0.711,
        0.44,
        1.067,
        0.44,
        1,
        1.689,
        0.44,
        2.311,
        -0.239,
        2.933,
        -0.239,
        1,
        3.5,
        -0.239,
        4.066,
        0.44,
        4.633,
        0.44,
        1,
        5.089,
        0.44,
        5.544,
        0,
        6,
        0
      ]
    },
    {
      "Target": "Parameter",
      "Id": "piaodaijiaodu",
      "Segments": [
        0,
        0,
        1,
        0.167,
        0,
        0.333,
        -1,
        0.5,
        -1,
        1,
        0.722,
        -1,
        0.945,
        0.5,
        1.167,
        0.5,
        1,
        1.767,
        0.5,
        2.367,
        -1,
        2.967,
        -1,
        1,
        3.711,
        -1,
        4.456,
        1,
        5.2,
        1,
        1,
        5.467,
        1,
        5.733,
        0,
        6,
        0
      ]
    },
    {
      "Target": "Parameter",
      "Id": "piaodaibianxing",
      "Segments": [
        0,
        0,
        1,
        0.633,
        0,
        1.267,
        1,
        1.9,
        1,
        1,
        2.589,
        1,
        3.278,
        -1,
        3.967,
        -1,
        1,
        4.645,
        -1,
        5.322,
        0,
        6,
        0
      ]
    },
    {
      "Target": "Parameter",
      "Id": "houfa1jiaodu",
      "Segments": [
        0,
        0,
        1,
        0.456,
        0,
        0.911,
        0.3,
        1.367,
        0.3,
        1,
        2.267,
        0.3,
        3.167,
        -0.3,
        4.067,
        -0.3,
        1,
        4.711,
        -0.3,
        5.356,
        0,
        6,
        0
      ]
    },
    {
      "Target": "Parameter",
      "Id": "houfa1bianxin",
      "Segments": [
        0,
        0,
        1,
        0.456,
        0,
        0.911,
        -0.2,
        1.367,
        -0.2,
        1,
        1.934,
        -0.2,
        2.5,
        0.155,
        3.067,
        0.155,
        1,
        3.689,
        0.155,
        4.311,
        -0.157,
        4.933,
        -0.157,
        1,
        5.289,
        -0.157,
        5.644,
        0,
        6,
        0
      ]
    },
    {
      "Target": "Parameter",
      "Id": "houfa2jiaodu",
      "Segments": [
        0,
        0,
        1,
        0.667,
        0,
        1.333,
        -0.265,
        2,
        -0.265,
        1,
        2.867,
        -0.265,
        3.733,
        0.155,
        4.6,
        0.155,
        1,
        5.067,
        0.155,
        5.533,
        0,
        6,
        0
      ]
    },
    {
      "Target": "Parameter",
      "Id": "houfa2bianxing",
      "Segments": [
        0,
        0,
        1,
        0.311,
        0,
        0.622,
        0.376,
        0.933,
        0.376,
        1,
        1.833,
        0.376,
        2.733,
        -0.345,
        3.633,
        -0.345,
        1,
        4.422,
        -0.345,
        5.211,
        0,
        6,
        0
      ]
    },
    {
      "Target": "Parameter",
      "Id": "houfa3jiaodu",
      "Segments": [
        0,
        0,
        1,
        0.522,
        0,
        1.045,
        0.511,
        1.567,
        0.511,
        1,
        2.278,
        0.511,
        2.989,
        -0.719,
        3.7,
        -0.719,
        1,
        4.467,
        -0.719,
        5.233,
        0,
        6,
        0
      ]
    },
    {
      "Target": "Parameter",
      "Id": "houfa3bianxing",
      "Segments": [
        0,
        0,
        1,
        0.311,
        0,
        0.622,
        -0.75,
        0.933,
        -0.75,
        1,
        1.566,
        -0.75,
        2.2,
        0.2,
        2.833,
        0.2,
        1,
        3.455,
        0.2,
        4.078,
        -0.517,
        4.7,
        -0.517,
        1,
        5.133,
        -0.517,
        5.567,
        0,
        6,
        0
      ]
    },
    {
      "Target": "Parameter",
      "Id": "houfa4jiaodu",
      "Segments": [
        0,
        0,
        1,
        0.578,
        0,
        1.155,
        -0.419,
        1.733,
        -0.419,
        1,
        2.578,
        -0.419,
        3.422,
        0.263,
        4.267,
        0.263,
        1,
        4.845,
        0.263,
        5.422,
        0,
        6,
        0
      ]
    },
    {
      "Target": "Parameter",
      "Id": "houfa4bianxing",
      "Segments": [
        0,
        0,
        1,
        0.444,
        0,
        0.889,
        -0.312,
        1.333,
        -0.312,
        1,
        2.178,
        -0.312,
        3.022,
        0.287,
        3.867,
        0.287,
        1,
        4.578,
        0.287,
        5.289,
        0,
        6,
        0
      ]
    },
    {
      "Target": "Parameter",
      "Id": "houfa5jiaodu",
      "Segments": [
        0,
        0,
        1,
        0.456,
        0,
        0.911,
        0.645,
        1.367,
        0.645,
        1,
        1.989,
        0.645,
        2.611,
        -0.691,
        3.233,
        -0.691,
        1,
        3.9,
        -0.691,
        4.566,
        0.336,
        5.233,
        0.336,
        1,
        5.489,
        0.336,
        5.744,
        0,
        6,
        0
      ]
    },
    {
      "Target": "Parameter",
      "Id": "houfa5bianxing",
      "Segments": [
        0,
        0,
        1,
        0.3,
        0,
        0.6,
        0.574,
        0.9,
        0.574,
        1,
        1.6,
        0.574,
        2.3,
        -0.416,
        3,
        -0.416,
        1,
        3.567,
        -0.416,
        4.133,
        0.408,
        4.7,
        0.408,
        1,
        5.133,
        0.408,
        5.567,
        0,
        6,
        0
      ]
    },
    {
      "Target": "Parameter",
      "Id": "ParamEyeLSmile",
      "Segments": [
        0,
        0,
        0,
        6,
        0
      ]
    },
    {
      "Target": "Parameter",
      "Id": "ParamEyeRSmile",
      "Segments": [
        0,
        0,
        0,
        6,
        0
      ]
    },
    {
      "Target": "Parameter",
      "Id": "mudaxiao",
      "Segments": [
        0,
        0,
        0,
        6,
        0
      ]
    },
    {
      "Target": "Parameter",
      "Id": "gaoguangqiehuang",
      "Segments": [
        0,
        0,
        0,
        6,
        0
      ]
    },
    {
      "Target": "Parameter",
      "Id": "ParamMouthOpenY",
      "Segments": [
        0,
        0,
        0,
        6,
        0
      ]
    },
    {
      "Target": "Parameter",
      "Id": "koudaxiao",
      "Segments": [
        0,
        0,
        0,
        6,
        0
      ]
    },
    {
      "Target": "Parameter",
      "Id": "kouqiehuan",
      "Segments": [
        0,
        0,
        0,
        6,
        0
      ]
    },
    {
      "Target": "Parameter",
      "Id": "CZDH",
      "Segments": [
        0,
        0,
        0,
        6,
        0
      ]
    },
    {
      "Target": "Parameter",
      "Id": "zuobitc",
      "Segments": [
        0,
        0,
        0,
        6,
        0
      ]
    },
    {
      "Target": "Parameter",
      "Id": "ZSQH",
      "Segments": [
        0,
        0,
        0,
        6,
        0
      ]
    },
    {
      "Target": "Parameter",
      "Id": "zuoshou2",
      "Segments": [
        0,
        0,
        0,
        6,
        0
      ]
    },
    {
      "Target": "Parameter",
      "Id": "zuoshou3",
      "Segments": [
        0,
        0,
        0,
        6,
        0
      ]
    },
    {
      "Target": "Parameter",
      "Id": "zuoshou4",
      "Segments": [
        0,
        0,
        0,
        6,
        0
      ]
    },
    {
      "Target": "Parameter",
      "Id": "zuoshou5",
      "Segments": [
        0,
        0,
        0,
        6,
        0
      ]
    },
    {
      "Target": "Parameter",
      "Id": "ZBTS",
      "Segments": [
        0,
        0,
        0,
        6,
        0
      ]
    },
    {
      "Target": "Parameter",
      "Id": "zuoshouY",
      "Segments": [
        0,
        0,
        0,
        6,
        0
      ]
    },
    {
      "Target": "Parameter",
      "Id": "zsz5",
      "Segments": [
        0,
        0,
        0,
        6,
        0
      ]
    },
    {
      "Target": "Parameter",
      "Id": "YXBQH",
      "Segments": [
        0,
        0,
        0,
        6,
        0
      ]
    },
    {
      "Target": "Parameter",
      "Id": "BTYBZY",
      "Segments": [
        0,
        0,
        0,
        6,
        0
      ]
    },
    {
      "Target": "Parameter",
      "Id": "BTYBSX",
      "Segments": [
        0,
        0,
        0,
        6,
        0
      ]
    },
    {
      "Target": "Parameter",
      "Id": "BTYBJD",
      "Segments": [
        0,
        0,
        0,
        6,
        0
      ]
    },
    {
      "Target": "Parameter",
      "Id": "YXBX",
      "Segments": [
        0,
        0,
        0,
        6,
        0
      ]
    },
    {
      "Target": "Parameter",
      "Id": "YSSZTC",
      "Segments": [
        0,
        0,
        0,
        6,
        0
      ]
    },
    {
      "Target": "Parameter",
      "Id": "YSZTC",
      "Segments": [
        0,
        0,
        0,
        6,
        0
      ]
    },
    {
      "Target": "Parameter",
      "Id": "ZTXZ",
      "Segments": [
        0,
        0,
        0,
        6,
        0
      ]
    },
    {
      "Target": "Parameter",
      "Id": "zuotuoxieQH",
      "Segments": [
        0,
        0,
        0,
        6,
        0
      ]
    },
    {
      "Target": "Parameter",
      "Id": "ZTXX",
      "Segments": [
        0,
        0,
        0,
        6,
        0
      ]
    },
    {
      "Target": "Parameter",
      "Id": "ZTXY",
      "Segments": [
        0,
        0,
        0,
        6,
        0
      ]
    },
    {
      "Target": "Parameter",
      "Id": "ZTXJD",
      "Segments": [
        0,
        0,
        0,
        6,
        0
      ]
    },
    {
      "Target": "Parameter",
      "Id": "YTXZ",
      "Segments": [
        0,
        0,
        0,
        6,
        0
      ]
    },
    {
      "Target": "Parameter",
      "Id": "panciTDX",
      "Segments": [
        0,
        0,
        0,
        6,
        0
      ]
    },
    {
      "Target": "Parameter",
      "Id": "PANCITDY",
      "Segments": [
        0,
        0,
        0,
        6,
        0
      ]
    },
    {
      "Target": "Parameter",
      "Id": "pancirou",
      "Segments": [
        0,
        0,
        0,
        6,
        0
      ]
    },
    {
      "Target": "Parameter",
      "Id": "ZXtuodong",
      "Segments": [
        0,
        0,
        0,
        6,
        0
      ]
    },
    {
      "Target": "Parameter",
      "Id": "TTQDYK",
      "Segments": [
        0,
        0,
        0,
        6,
        0
      ]
    },
    {
      "Target": "Parameter",
      "Id": "TTQqiehuan",
      "Segments": [
        0,
        0,
        0,
        6,
        0
      ]
    },
    {
      "Target": "Parameter",
      "Id": "TTQZY",
      "Segments": [
        0,
        -10,
        0,
        6,
        -10
      ]
    },
    {
      "Target": "Parameter",
      "Id": "TTQSX",
      "Segments": [
        0,
        0,
        0,
        6,
        0
      ]
    },
    {
      "Target": "Parameter",
      "Id": "TTQJD",
      "Segments": [
        0,
        0,
        0,
        6,
        0
      ]
    },
    {
      "Target": "Parameter",
      "Id": "TTQYC",
      "Segments": [
        0,
        0,
        0,
        6,
        0
      ]
    },
    {
      "Target": "Parameter",
      "Id": "zongti",
      "Segments": [
        0,
        0,
        0,
        6,
        0
      ]
    },
    {
      "Target": "Parameter",
      "Id": "zuodatuiBX",
      "Segments": [
        0,
        0,
        0,
        6,
        0
      ]
    },
    {
      "Target": "Parameter",
      "Id": "youdatuiBX",
      "Segments": [
        0,
        0,
        0,
        6,
        0
      ]
    },
    {
      "Target": "Parameter",
      "Id": "chizuiba",
      "Segments": [
        0,
        0,
        0,
        6,
        0
      ]
    },
    {
      "Target": "Parameter",
      "Id": "zongSX",
      "Segments": [
        0,
        0,
        0,
        6,
        0
      ]
    },
    {
      "Target": "Parameter",
      "Id": "PGZY",
      "Segments": [
        0,
        0,
        0,
        6,
        0
      ]
    },
    {
      "Target": "Parameter",
      "Id": "oupaijiya",
      "Segments": [
        0,
        0,
        0,
        6,
        0
      ]
    },
    {
      "Target": "Parameter",
      "Id": "jianweizi",
      "Segments": [
        0,
        0,
        0,
        6,
        0
      ]
    },
    {
      "Target": "2935860712",
      "Id": "2935860712",
      "Segments": [
        0,
        1,
        0,
        6,
        1
      ]
    }
  ],
  "UserData": [
    {
      "Time": 5.5,
      "Value": ""
    }
  ]
}