{
  "Version": 3,
  "Meta": {
    "Duration": 9.0,
    "Fps": 30.0,
    "Loop": false,
    "AreBeziersRestricted": true,
    "CurveCount": 153,
    "TotalSegmentCount": 762,
    "TotalPointCount": 2137,
    "UserDataCount": 1,
    "TotalUserDataSize": 0
  },
  "Curves": [
    {
      "Target": "Model",
      "Id": "LipSync",
      "Segments": [
        0,
        0,
        2,
        0.067,
        0,
        1,
        0.111,
        0,
        0.156,
        0.843,
        0.2,
        0.843,
        1,
        0.222,
        0.843,
        0.245,
        0.027,
        0.267,
        0.027,
        1,
        0.334,
        0.027,
        0.4,
        0.827,
        0.467,
        0.827,
        1,
        0.489,
        0.827,
        0.511,
        0.663,
        0.533,
        0.663,
        1,
        0.555,
        0.663,
        0.578,
        0.725,
        0.6,
        0.725,
        1,
        0.644,
        0.725,
        0.689,
        0.624,
        0.733,
        0.624,
        1,
        0.755,
        0.624,
        0.778,
        0.957,
        0.8,
        0.957,
        1,
        0.822,
        0.957,
        0.845,
        0.333,
        0.867,
        0.333,
        1,
        0.911,
        0.333,
        0.956,
        0.984,
        1,
        0.984,
        1,
        1.044,
        0.984,
        1.089,
        0.553,
        1.133,
        0.553,
        1,
        1.155,
        0.553,
        1.178,
        0.902,
        1.2,
        0.902,
        1,
        1.222,
        0.902,
        1.245,
        0.682,
        1.267,
        0.682,
        1,
        1.289,
        0.682,
        1.311,
        0.722,
        1.333,
        0.722,
        1,
        1.422,
        0.722,
        1.511,
        0,
        1.6,
        0,
        1,
        1.622,
        0,
        1.645,
        0.012,
        1.667,
        0.012,
        1,
        1.734,
        0.012,
        1.8,
        0,
        1.867,
        0,
        2,
        2.2,
        0,
        1,
        2.267,
        0,
        2.333,
        0.914,
        2.4,
        0.914,
        1,
        2.444,
        0.914,
        2.489,
        0.008,
        2.533,
        0.008,
        1,
        2.578,
        0.008,
        2.622,
        0.494,
        2.667,
        0.494,
        1,
        2.711,
        0.494,
        2.756,
        0.012,
        2.8,
        0.012,
        1,
        2.867,
        0.012,
        2.933,
        0.741,
        3,
        0.741,
        1,
        3.044,
        0.741,
        3.089,
        0.016,
        3.133,
        0.016,
        1,
        3.155,
        0.016,
        3.178,
        0.769,
        3.2,
        0.769,
        1,
        3.244,
        0.769,
        3.289,
        0.365,
        3.333,
        0.365,
        1,
        3.355,
        0.365,
        3.378,
        0.863,
        3.4,
        0.863,
        1,
        3.422,
        0.863,
        3.445,
        0.855,
        3.467,
        0.855,
        2,
        3.533,
        0.855,
        1,
        3.555,
        0.855,
        3.578,
        0.239,
        3.6,
        0.239,
        1,
        3.644,
        0.239,
        3.689,
        0.835,
        3.733,
        0.835,
        1,
        3.844,
        0.835,
        3.956,
        0,
        4.067,
        0,
        2,
        5.2,
        0,
        1,
        5.222,
        0,
        5.245,
        0.988,
        5.267,
        0.988,
        1,
        5.334,
        0.988,
        5.4,
        0.514,
        5.467,
        0.514,
        1,
        5.489,
        0.514,
        5.511,
        0.816,
        5.533,
        0.816,
        1,
        5.555,
        0.816,
        5.578,
        0.286,
        5.6,
        0.286,
        1,
        5.622,
        0.286,
        5.645,
        0.788,
        5.667,
        0.788,
        1,
        5.689,
        0.788,
        5.711,
        0.482,
        5.733,
        0.482,
        1,
        5.755,
        0.482,
        5.778,
        0.506,
        5.8,
        0.506,
        1,
        5.844,
        0.506,
        5.889,
        0.176,
        5.933,
        0.176,
        1,
        5.978,
        0.176,
        6.022,
        0.639,
        6.067,
        0.639,
        1,
        6.089,
        0.639,
        6.111,
        0.035,
        6.133,
        0.035,
        1,
        6.155,
        0.035,
        6.178,
        0.584,
        6.2,
        0.584,
        1,
        6.222,
        0.584,
        6.245,
        0.196,
        6.267,
        0.196,
        1,
        6.311,
        0.196,
        6.356,
        0.58,
        6.4,
        0.58,
        1,
        6.467,
        0.58,
        6.533,
        0.004,
        6.6,
        0.004,
        2,
        6.667,
        0.004,
        1,
        6.689,
        0.004,
        6.711,
        0.02,
        6.733,
        0.02,
        1,
        6.755,
        0.02,
        6.778,
        0.008,
        6.8,
        0.008,
        2,
        6.867,
        0.008,
        1,
        6.911,
        0.008,
        6.956,
        0,
        7,
        0,
        2,
        7.133,
        0,
        1,
        7.2,
        0,
        7.266,
        0.988,
        7.333,
        0.988,
        1,
        7.4,
        0.988,
        7.466,
        0.839,
        7.533,
        0.839,
        1,
        7.555,
        0.839,
        7.578,
        0.863,
        7.6,
        0.863,
        1,
        7.644,
        0.863,
        7.689,
        0.608,
        7.733,
        0.608,
        1,
        7.755,
        0.608,
        7.778,
        0.784,
        7.8,
        0.784,
        1,
        7.844,
        0.784,
        7.889,
        0.286,
        7.933,
        0.286,
        1,
        8.022,
        0.286,
        8.111,
        0.835,
        8.2,
        0.835,
        1,
        8.222,
        0.835,
        8.245,
        0.157,
        8.267,
        0.157,
        1,
        8.289,
        0.157,
        8.311,
        0.596,
        8.333,
        0.596,
        1,
        8.355,
        0.596,
        8.378,
        0.294,
        8.4,
        0.294,
        1,
        8.422,
        0.294,
        8.445,
        0.624,
        8.467,
        0.624,
        1,
        8.556,
        0.624,
        8.644,
        0,
        8.733,
        0,
        2,
        9,
        0
      ]
    },
    {
      "Target": "Parameter",
      "Id": "ParamAngleX",
      "Segments": [
        0,
        0,
        1,
        0.478,
        0,
        0.955,
        -30,
        1.433,
        -30,
        2,
        4.533,
        -30,
        1,
        5.1,
        -30,
        5.666,
        -19.871,
        6.233,
        -8,
        1,
        6.566,
        -1.017,
        6.9,
        0,
        7.233,
        0,
        2,
        9,
        0
      ]
    },
    {
      "Target": "Parameter",
      "Id": "ParamAngleY",
      "Segments": [
        0,
        0,
        2,
        1.433,
        0,
        1,
        2.089,
        0,
        2.744,
        -30,
        3.4,
        -30,
        1,
        3.778,
        -30,
        4.155,
        -23.7,
        4.533,
        -23.7,
        1,
        4.811,
        -23.7,
        5.089,
        -30,
        5.367,
        -30,
        1,
        5.989,
        -30,
        6.611,
        0,
        7.233,
        0,
        1,
        7.622,
        0,
        8.011,
        -18,
        8.4,
        -18,
        1,
        8.6,
        -18,
        8.8,
        0,
        9,
        0
      ]
    },
    {
      "Target": "Parameter",
      "Id": "ParamAngleZ",
      "Segments": [
        0,
        0,
        2,
        1.433,
        0,
        2,
        4.533,
        0,
        2,
        6.233,
        0,
        2,
        7.233,
        0,
        1,
        7.622,
        0,
        8.011,
        -4,
        8.4,
        -4,
        1,
        8.6,
        -4,
        8.8,
        0,
        9,
        0
      ]
    },
    {
      "Target": "Parameter",
      "Id": "boziqumian",
      "Segments": [
        0,
        0,
        1,
        0.478,
        0,
        0.955,
        -7,
        1.433,
        -7,
        2,
        4.533,
        -7,
        2,
        6.233,
        -7,
        1,
        6.566,
        -7,
        6.9,
        0,
        7.233,
        0,
        1,
        7.444,
        0,
        7.656,
        -1,
        7.867,
        -1,
        1,
        8.245,
        -1,
        8.622,
        0,
        9,
        0
      ]
    },
    {
      "Target": "Parameter",
      "Id": "ParamEyeLOpen",
      "Segments": [
        0,
        1,
        2,
        1.067,
        1,
        1,
        1.189,
        1,
        1.311,
        0,
        1.433,
        0,
        1,
        1.833,
        0,
        2.233,
        0.7,
        2.633,
        0.7,
        1,
        2.889,
        0.7,
        3.144,
        0,
        3.4,
        0,
        2,
        6.233,
        0,
        1,
        6.566,
        0,
        6.9,
        0.843,
        7.233,
        0.9,
        1,
        7.822,
        1.001,
        8.411,
        1,
        9,
        1
      ]
    },
    {
      "Target": "Parameter",
      "Id": "ParamEyeROpen",
      "Segments": [
        0,
        1,
        2,
        1.067,
        1,
        1,
        1.189,
        1,
        1.311,
        0,
        1.433,
        0,
        1,
        1.833,
        0,
        2.233,
        0.7,
        2.633,
        0.7,
        1,
        2.889,
        0.7,
        3.144,
        0,
        3.4,
        0,
        2,
        6.233,
        0,
        1,
        6.566,
        0,
        6.9,
        0.843,
        7.233,
        0.9,
        1,
        7.822,
        1.001,
        8.411,
        1,
        9,
        1
      ]
    },
    {
      "Target": "Parameter",
      "Id": "ParamEyeBallY",
      "Segments": [
        0,
        0,
        2,
        1.433,
        0,
        1,
        1.833,
        0,
        2.233,
        0.8,
        2.633,
        0.8,
        1,
        4.166,
        0.8,
        5.7,
        0,
        7.233,
        0,
        2,
        9,
        0
      ]
    },
    {
      "Target": "Parameter",
      "Id": "TKDX",
      "Segments": [
        0,
        0,
        2,
        1.067,
        0,
        1,
        1.189,
        0,
        1.311,
        1,
        1.433,
        1,
        1,
        1.833,
        1,
        2.233,
        -1,
        2.633,
        -1,
        1,
        2.766,
        -1,
        2.9,
        -0.478,
        3.033,
        0.2,
        1,
        3.155,
        0.822,
        3.278,
        1,
        3.4,
        1,
        2,
        6.233,
        1,
        1,
        6.566,
        1,
        6.9,
        -1,
        7.233,
        -1,
        1,
        7.378,
        -1,
        7.522,
        0.4,
        7.667,
        0.4,
        1,
        7.8,
        0.4,
        7.934,
        -0.2,
        8.067,
        -0.2,
        1,
        8.378,
        -0.2,
        8.689,
        0,
        9,
        0
      ]
    },
    {
      "Target": "Parameter",
      "Id": "GGDONGHUA",
      "Segments": [
        0,
        0,
        1,
        0.111,
        0,
        0.222,
        0.393,
        0.333,
        0.393,
        1,
        0.455,
        0.393,
        0.578,
        0,
        0.7,
        0,
        1,
        0.811,
        0,
        0.922,
        0.287,
        1.033,
        0.287,
        1,
        1.166,
        0.287,
        1.3,
        0,
        1.433,
        0,
        1,
        1.5,
        0,
        1.566,
        1,
        1.633,
        1,
        1,
        1.689,
        1,
        1.744,
        0,
        1.8,
        0,
        1,
        1.867,
        0,
        1.933,
        0.798,
        2,
        0.798,
        1,
        2.044,
        0.798,
        2.089,
        0,
        2.133,
        0,
        1,
        2.2,
        0,
        2.266,
        0.551,
        2.333,
        0.551,
        1,
        2.389,
        0.551,
        2.444,
        0,
        2.5,
        0,
        1,
        2.667,
        0,
        2.833,
        0.3,
        3,
        0.3,
        1,
        3.133,
        0.3,
        3.267,
        0,
        3.4,
        0,
        1,
        3.467,
        0,
        3.533,
        1,
        3.6,
        1,
        1,
        3.656,
        1,
        3.711,
        0,
        3.767,
        0,
        1,
        3.834,
        0,
        3.9,
        0.798,
        3.967,
        0.798,
        1,
        4.011,
        0.798,
        4.056,
        0,
        4.1,
        0,
        1,
        4.167,
        0,
        4.233,
        0.551,
        4.3,
        0.551,
        1,
        4.356,
        0.551,
        4.411,
        0,
        4.467,
        0,
        1,
        4.645,
        0,
        4.822,
        0.4,
        5,
        0.4,
        1,
        5.133,
        0.4,
        5.267,
        0,
        5.4,
        0,
        1,
        5.578,
        0,
        5.755,
        0.393,
        5.933,
        0.393,
        1,
        6.078,
        0.393,
        6.222,
        0,
        6.367,
        0,
        1,
        6.522,
        0,
        6.678,
        0.3,
        6.833,
        0.3,
        1,
        6.966,
        0.3,
        7.1,
        0,
        7.233,
        0,
        1,
        7.3,
        0,
        7.366,
        1,
        7.433,
        1,
        1,
        7.489,
        1,
        7.544,
        0,
        7.6,
        0,
        1,
        7.667,
        0,
        7.733,
        0.798,
        7.8,
        0.798,
        1,
        7.844,
        0.798,
        7.889,
        0,
        7.933,
        0,
        1,
        8,
        0,
        8.066,
        0.551,
        8.133,
        0.551,
        1,
        8.189,
        0.551,
        8.244,
        0,
        8.3,
        0,
        1,
        8.422,
        0,
        8.545,
        0.2,
        8.667,
        0.2,
        1,
        8.778,
        0.2,
        8.889,
        0,
        9,
        0
      ]
    },
    {
      "Target": "Parameter",
      "Id": "erhuanYB",
      "Segments": [
        0,
        0,
        1,
        0.889,
        0,
        1.778,
        -1,
        2.667,
        -1,
        1,
        3.078,
        -1,
        3.489,
        -0.2,
        3.9,
        -0.2,
        1,
        4.3,
        -0.2,
        4.7,
        -1,
        5.1,
        -1,
        1,
        5.456,
        -1,
        5.811,
        -0.2,
        6.167,
        -0.2,
        1,
        6.522,
        -0.2,
        6.878,
        -0.5,
        7.233,
        -0.5,
        1,
        7.589,
        -0.5,
        7.944,
        0.1,
        8.3,
        0.1,
        1,
        8.533,
        0.1,
        8.767,
        0,
        9,
        0
      ]
    },
    {
      "Target": "Parameter",
      "Id": "ParamBrowLY",
      "Segments": [
        0,
        0,
        2,
        1.067,
        0,
        1,
        1.189,
        0,
        1.311,
        -1,
        1.433,
        -1,
        1,
        1.833,
        -1,
        2.233,
        0.3,
        2.633,
        0.3,
        1,
        2.9,
        0.3,
        3.166,
        -1,
        3.433,
        -1,
        2,
        6.233,
        -1,
        1,
        6.566,
        -1,
        6.9,
        0.3,
        7.233,
        0.3,
        1,
        7.555,
        0.3,
        7.878,
        -0.3,
        8.2,
        -0.3,
        1,
        8.467,
        -0.3,
        8.733,
        0,
        9,
        0
      ]
    },
    {
      "Target": "Parameter",
      "Id": "ParamBrowRY",
      "Segments": [
        0,
        0,
        2,
        1.067,
        0,
        1,
        1.189,
        0,
        1.311,
        -1,
        1.433,
        -1,
        1,
        1.833,
        -1,
        2.233,
        0.3,
        2.633,
        0.3,
        1,
        2.9,
        0.3,
        3.166,
        -1,
        3.433,
        -1,
        2,
        6.233,
        -1,
        1,
        6.566,
        -1,
        6.9,
        0.3,
        7.233,
        0.3,
        1,
        7.555,
        0.3,
        7.878,
        -0.4,
        8.2,
        -0.4,
        1,
        8.467,
        -0.4,
        8.733,
        0,
        9,
        0
      ]
    },
    {
      "Target": "Parameter",
      "Id": "ParamBrowLAngle",
      "Segments": [
        0,
        0,
        1,
        0.611,
        0,
        1.222,
        0.3,
        1.833,
        0.3,
        1,
        3.633,
        0.3,
        5.433,
        0.255,
        7.233,
        0.1,
        1,
        7.555,
        0.072,
        7.878,
        -0.3,
        8.2,
        -0.3,
        1,
        8.467,
        -0.3,
        8.733,
        0,
        9,
        0
      ]
    },
    {
      "Target": "Parameter",
      "Id": "ParamBrowRAngle",
      "Segments": [
        0,
        0,
        1,
        0.611,
        0,
        1.222,
        0.3,
        1.833,
        0.3,
        1,
        3.633,
        0.3,
        5.433,
        0.255,
        7.233,
        0.1,
        1,
        7.555,
        0.072,
        7.878,
        -0.3,
        8.2,
        -0.3,
        1,
        8.467,
        -0.3,
        8.733,
        0,
        9,
        0
      ]
    },
    {
      "Target": "Parameter",
      "Id": "ParamBrowLForm",
      "Segments": [
        0,
        0,
        1,
        0.611,
        0,
        1.222,
        -0.4,
        1.833,
        -0.4,
        1,
        3.633,
        -0.4,
        5.433,
        -0.1,
        7.233,
        -0.1,
        1,
        7.555,
        -0.1,
        7.878,
        -0.5,
        8.2,
        -0.5,
        1,
        8.467,
        -0.5,
        8.733,
        0,
        9,
        0
      ]
    },
    {
      "Target": "Parameter",
      "Id": "ParamBrowRForm",
      "Segments": [
        0,
        0,
        1,
        0.611,
        0,
        1.222,
        -0.4,
        1.833,
        -0.4,
        1,
        3.633,
        -0.4,
        5.433,
        -0.1,
        7.233,
        -0.1,
        1,
        7.555,
        -0.1,
        7.878,
        -0.5,
        8.2,
        -0.5,
        1,
        8.467,
        -0.5,
        8.733,
        0,
        9,
        0
      ]
    },
    {
      "Target": "Parameter",
      "Id": "ParamBodyAngleX",
      "Segments": [
        0,
        0,
        2,
        1.433,
        0,
        1,
        1.922,
        0,
        2.411,
        -10,
        2.9,
        -10,
        1,
        3.178,
        -10,
        3.455,
        4.106,
        3.733,
        4.106,
        1,
        4.011,
        4.106,
        4.289,
        -2.374,
        4.567,
        -2.374,
        1,
        4.867,
        -2.374,
        5.167,
        8,
        5.467,
        8,
        1,
        5.8,
        8,
        6.134,
        -5,
        6.467,
        -5,
        1,
        6.722,
        -5,
        6.978,
        0,
        7.233,
        0,
        2,
        9,
        0
      ]
    },
    {
      "Target": "Parameter",
      "Id": "ParamBodyAngleY1",
      "Segments": [
        0,
        0,
        1,
        0.478,
        0,
        0.955,
        -10,
        1.433,
        -10,
        1,
        1.922,
        -10,
        2.411,
        -9,
        2.9,
        -9,
        1,
        3.178,
        -9,
        3.455,
        -10,
        3.733,
        -10,
        2,
        5.733,
        -10,
        1,
        6.233,
        -10,
        6.733,
        0,
        7.233,
        0,
        1,
        7.455,
        0,
        7.678,
        -2,
        7.9,
        -2,
        1,
        8.267,
        -2,
        8.633,
        0,
        9,
        0
      ]
    },
    {
      "Target": "Parameter",
      "Id": "xiashenX",
      "Segments": [
        0,
        0,
        1,
        0.722,
        0,
        1.445,
        -1,
        2.167,
        -1,
        1,
        3.356,
        -1,
        4.544,
        0,
        5.733,
        0,
        1,
        6.233,
        0,
        6.733,
        -0.6,
        7.233,
        -0.6,
        1,
        7.555,
        -0.6,
        7.878,
        0.7,
        8.2,
        0.7,
        1,
        8.467,
        0.7,
        8.733,
        0,
        9,
        0
      ]
    },
    {
      "Target": "Parameter",
      "Id": "XIASHENY",
      "Segments": [
        0,
        0,
        1,
        0.522,
        0,
        1.045,
        0.235,
        1.567,
        0.235,
        1,
        2.289,
        0.235,
        3.011,
        -0.1,
        3.733,
        -0.1,
        1,
        5.489,
        -0.1,
        7.244,
        0,
        9,
        0
      ]
    },
    {
      "Target": "Parameter",
      "Id": "ParamBodyAngleZ",
      "Segments": [
        0,
        0,
        1,
        0.478,
        0,
        0.955,
        -10,
        1.433,
        -10,
        2,
        5.733,
        -10,
        1,
        6.233,
        -10,
        6.733,
        0,
        7.233,
        0,
        2,
        9,
        0
      ]
    },
    {
      "Target": "Parameter",
      "Id": "XSX",
      "Segments": [
        0,
        0,
        0,
        9,
        0.009
      ]
    },
    {
      "Target": "Parameter",
      "Id": "XDYB",
      "Segments": [
        0,
        -0.002,
        1,
        0.311,
        -0.002,
        0.622,
        -0.439,
        0.933,
        -0.439,
        1,
        1.578,
        -0.439,
        2.222,
        0.258,
        2.867,
        0.258,
        1,
        3.211,
        0.258,
        3.556,
        -0.369,
        3.9,
        -0.369,
        1,
        4.256,
        -0.369,
        4.611,
        0.286,
        4.967,
        0.286,
        1,
        5.334,
        0.286,
        5.7,
        -0.296,
        6.067,
        -0.296,
        1,
        6.3,
        -0.296,
        6.534,
        0.211,
        6.767,
        0.211,
        1,
        6.922,
        0.211,
        7.078,
        -0.002,
        7.233,
        -0.002,
        2,
        9,
        -0.002
      ]
    },
    {
      "Target": "Parameter",
      "Id": "XDBX",
      "Segments": [
        0,
        0,
        2,
        0.033,
        0,
        1,
        0.155,
        0,
        0.278,
        -0.223,
        0.4,
        -0.223,
        1,
        0.767,
        -0.223,
        1.133,
        0.077,
        1.5,
        0.077,
        1,
        1.633,
        0.077,
        1.767,
        -0.477,
        1.9,
        -0.477,
        1,
        2.311,
        -0.477,
        2.722,
        1,
        3.133,
        1,
        2,
        3.433,
        1,
        1,
        3.589,
        1,
        3.744,
        -1,
        3.9,
        -1,
        1,
        4.233,
        -1,
        4.567,
        0.939,
        4.9,
        0.939,
        1,
        5.189,
        0.939,
        5.478,
        -0.975,
        5.767,
        -0.975,
        1,
        6.067,
        -0.975,
        6.367,
        0.807,
        6.667,
        0.807,
        1,
        6.889,
        0.807,
        7.111,
        -0.407,
        7.333,
        -0.407,
        1,
        7.466,
        -0.407,
        7.6,
        0.141,
        7.733,
        0.141,
        1,
        7.866,
        0.141,
        8,
        -0.04,
        8.133,
        -0.04,
        1,
        8.2,
        -0.04,
        8.266,
        0,
        8.333,
        0,
        2,
        9,
        0
      ]
    },
    {
      "Target": "Parameter",
      "Id": "ZXSBX",
      "Segments": [
        0,
        0,
        1,
        0.356,
        0,
        0.711,
        1,
        1.067,
        1,
        1,
        1.622,
        1,
        2.178,
        0.805,
        2.733,
        0,
        1,
        2.966,
        -0.338,
        3.2,
        -1,
        3.433,
        -1,
        1,
        3.7,
        -1,
        3.966,
        -0.681,
        4.233,
        0,
        1,
        4.489,
        0.652,
        4.744,
        1,
        5,
        1,
        1,
        5.244,
        1,
        5.489,
        0.682,
        5.733,
        0,
        1,
        5.966,
        -0.651,
        6.2,
        -1,
        6.433,
        -1,
        1,
        6.7,
        -1,
        6.966,
        0,
        7.233,
        0,
        1,
        7.522,
        0,
        7.811,
        0.6,
        8.1,
        0.6,
        1,
        8.4,
        0.6,
        8.7,
        0,
        9,
        0
      ]
    },
    {
      "Target": "Parameter",
      "Id": "ZXSDX",
      "Segments": [
        0,
        0,
        1,
        0.356,
        0,
        0.711,
        -0.252,
        1.067,
        -0.5,
        1,
        1.622,
        -0.888,
        2.178,
        -1,
        2.733,
        -1,
        1,
        2.966,
        -1,
        3.2,
        -0.81,
        3.433,
        -0.5,
        1,
        3.7,
        -0.146,
        3.966,
        0,
        4.233,
        0,
        1,
        4.489,
        0,
        4.744,
        -0.159,
        5,
        -0.5,
        1,
        5.244,
        -0.826,
        5.489,
        -1,
        5.733,
        -1,
        1,
        5.966,
        -1,
        6.2,
        -0.997,
        6.433,
        -0.5,
        1,
        6.7,
        0.068,
        6.966,
        1,
        7.233,
        1,
        1,
        7.522,
        1,
        7.811,
        -0.1,
        8.1,
        -0.1,
        1,
        8.4,
        -0.1,
        8.7,
        0,
        9,
        0
      ]
    },
    {
      "Target": "Parameter",
      "Id": "YXSBX",
      "Segments": [
        0,
        0,
        1,
        0.356,
        0,
        0.711,
        0.6,
        1.067,
        0.6,
        1,
        1.622,
        0.6,
        2.178,
        0.514,
        2.733,
        0,
        1,
        2.966,
        -0.216,
        3.2,
        -1,
        3.433,
        -1,
        1,
        3.7,
        -1,
        3.966,
        -0.681,
        4.233,
        0,
        1,
        4.489,
        0.652,
        4.744,
        1,
        5,
        1,
        1,
        5.244,
        1,
        5.489,
        0.517,
        5.733,
        0,
        1,
        5.966,
        -0.494,
        6.2,
        -0.6,
        6.433,
        -0.6,
        1,
        6.7,
        -0.6,
        6.966,
        0,
        7.233,
        0,
        1,
        7.522,
        0,
        7.811,
        0.6,
        8.1,
        0.6,
        1,
        8.4,
        0.6,
        8.7,
        0,
        9,
        0
      ]
    },
    {
      "Target": "Parameter",
      "Id": "YXSDX",
      "Segments": [
        0,
        0,
        1,
        0.356,
        0,
        0.711,
        -0.428,
        1.067,
        -0.63,
        1,
        1.622,
        -0.944,
        2.178,
        -0.984,
        2.733,
        -0.984,
        1,
        2.966,
        -0.984,
        3.2,
        -0.805,
        3.433,
        -0.5,
        1,
        3.7,
        -0.151,
        3.966,
        0,
        4.233,
        0,
        1,
        4.489,
        0,
        4.744,
        -0.165,
        5,
        -0.5,
        1,
        5.244,
        -0.821,
        5.489,
        -0.984,
        5.733,
        -0.984,
        1,
        5.966,
        -0.984,
        6.2,
        -0.861,
        6.433,
        -0.274,
        1,
        6.7,
        0.397,
        6.966,
        1,
        7.233,
        1,
        1,
        7.522,
        1,
        7.811,
        -0.2,
        8.1,
        -0.2,
        1,
        8.4,
        -0.2,
        8.7,
        0,
        9,
        0
      ]
    },
    {
      "Target": "Parameter",
      "Id": "ParamBreath",
      "Segments": [
        0,
        0,
        1,
        0.478,
        0,
        0.955,
        1,
        1.433,
        1,
        1,
        2.366,
        1,
        3.3,
        0,
        4.233,
        0,
        1,
        4.566,
        0,
        4.9,
        1,
        5.233,
        1,
        1,
        5.9,
        1,
        6.566,
        0,
        7.233,
        0,
        2,
        9,
        0
      ]
    },
    {
      "Target": "Parameter",
      "Id": "ParamHairFront",
      "Segments": [
        0,
        0,
        2,
        0.033,
        0,
        1,
        0.178,
        0,
        0.322,
        0.024,
        0.467,
        0.024,
        1,
        0.645,
        0.024,
        0.822,
        -0.001,
        1,
        -0.001,
        1,
        1.044,
        -0.001,
        1.089,
        0,
        1.133,
        0,
        1,
        1.244,
        0,
        1.356,
        -0.007,
        1.467,
        -0.007,
        1,
        1.634,
        -0.007,
        1.8,
        0.079,
        1.967,
        0.079,
        1,
        2.411,
        0.079,
        2.856,
        -0.23,
        3.3,
        -0.23,
        1,
        3.511,
        -0.23,
        3.722,
        0.181,
        3.933,
        0.181,
        1,
        4.278,
        0.181,
        4.622,
        -0.157,
        4.967,
        -0.157,
        1,
        5.245,
        -0.157,
        5.522,
        0.156,
        5.8,
        0.156,
        1,
        6.1,
        0.156,
        6.4,
        -0.118,
        6.7,
        -0.118,
        1,
        6.922,
        -0.118,
        7.145,
        0.06,
        7.367,
        0.06,
        1,
        7.511,
        0.06,
        7.656,
        -0.012,
        7.8,
        -0.012,
        1,
        7.922,
        -0.012,
        8.045,
        0.003,
        8.167,
        0.003,
        1,
        8.3,
        0.003,
        8.434,
        -0.012,
        8.567,
        -0.012,
        1,
        8.711,
        -0.012,
        8.856,
        0.002,
        9,
        0.002
      ]
    },
    {
      "Target": "Parameter",
      "Id": "qianfaBX",
      "Segments": [
        0,
        0,
        2,
        0.033,
        0,
        1,
        0.155,
        0,
        0.278,
        0.062,
        0.4,
        0.062,
        1,
        0.767,
        0.062,
        1.133,
        -0.021,
        1.5,
        -0.021,
        1,
        1.644,
        -0.021,
        1.789,
        0.132,
        1.933,
        0.132,
        1,
        2.378,
        0.132,
        2.822,
        -0.399,
        3.267,
        -0.399,
        1,
        3.478,
        -0.399,
        3.689,
        0.284,
        3.9,
        0.284,
        1,
        4.244,
        0.284,
        4.589,
        -0.276,
        4.933,
        -0.276,
        1,
        5.211,
        -0.276,
        5.489,
        0.248,
        5.767,
        0.248,
        1,
        6.067,
        0.248,
        6.367,
        -0.192,
        6.667,
        -0.192,
        1,
        6.889,
        -0.192,
        7.111,
        0.093,
        7.333,
        0.093,
        1,
        7.466,
        0.093,
        7.6,
        -0.032,
        7.733,
        -0.032,
        1,
        7.866,
        -0.032,
        8,
        0.015,
        8.133,
        0.015,
        1,
        8.255,
        0.015,
        8.378,
        -0.01,
        8.5,
        -0.01,
        1,
        8.567,
        -0.01,
        8.633,
        0,
        8.7,
        0,
        2,
        9,
        0
      ]
    },
    {
      "Target": "Parameter",
      "Id": "ParamHairSide",
      "Segments": [
        0,
        0,
        2,
        0.033,
        0,
        1,
        0.266,
        0,
        0.5,
        0.4,
        0.733,
        0.4,
        1,
        0.955,
        0.4,
        1.178,
        -0.579,
        1.4,
        -0.579,
        1,
        1.767,
        -0.579,
        2.133,
        0.4,
        2.5,
        0.4,
        1,
        2.789,
        0.4,
        3.078,
        -0.328,
        3.367,
        -0.328,
        1,
        3.578,
        -0.328,
        3.789,
        0.271,
        4,
        0.271,
        1,
        4.322,
        0.271,
        4.645,
        -0.236,
        4.967,
        -0.236,
        1,
        5.267,
        -0.236,
        5.567,
        0.248,
        5.867,
        0.248,
        1,
        6.156,
        0.248,
        6.444,
        -0.183,
        6.733,
        -0.183,
        1,
        6.966,
        -0.183,
        7.2,
        0.093,
        7.433,
        0.093,
        1,
        7.611,
        0.093,
        7.789,
        -0.011,
        7.967,
        -0.011,
        1,
        8.1,
        -0.011,
        8.234,
        0.005,
        8.367,
        0.005,
        1,
        8.522,
        0.005,
        8.678,
        -0.005,
        8.833,
        -0.005,
        1,
        8.889,
        -0.005,
        8.944,
        -0.003,
        9,
        -0.003
      ]
    },
    {
      "Target": "Parameter",
      "Id": "ParamHairBack",
      "Segments": [
        0,
        0,
        2,
        0.033,
        0,
        1,
        0.2,
        0,
        0.366,
        0.011,
        0.533,
        0.011,
        1,
        0.7,
        0.011,
        0.866,
        -0.002,
        1.033,
        -0.002,
        1,
        1.122,
        -0.002,
        1.211,
        -0.001,
        1.3,
        -0.001,
        1,
        1.356,
        -0.001,
        1.411,
        -0.002,
        1.467,
        -0.002,
        1,
        1.622,
        -0.002,
        1.778,
        0.038,
        1.933,
        0.038,
        1,
        2.389,
        0.038,
        2.844,
        -0.116,
        3.3,
        -0.116,
        1,
        3.511,
        -0.116,
        3.722,
        0.089,
        3.933,
        0.089,
        1,
        4.266,
        0.089,
        4.6,
        -0.079,
        4.933,
        -0.079,
        1,
        5.222,
        -0.079,
        5.511,
        0.079,
        5.8,
        0.079,
        1,
        6.1,
        0.079,
        6.4,
        -0.059,
        6.7,
        -0.059,
        1,
        6.922,
        -0.059,
        7.145,
        0.03,
        7.367,
        0.03,
        1,
        7.511,
        0.03,
        7.656,
        -0.004,
        7.8,
        -0.004,
        1,
        7.922,
        -0.004,
        8.045,
        0.005,
        8.167,
        0.005,
        1,
        8.322,
        0.005,
        8.478,
        -0.003,
        8.633,
        -0.003,
        1,
        8.755,
        -0.003,
        8.878,
        0,
        9,
        0
      ]
    },
    {
      "Target": "Parameter",
      "Id": "ZXBXZ",
      "Segments": [
        0,
        0,
        1,
        0.356,
        0,
        0.711,
        -1.407,
        1.067,
        -5,
        1,
        1.267,
        -6.233,
        1.467,
        -6.155,
        1.667,
        -6.155,
        1,
        1.989,
        -6.155,
        2.311,
        -5.82,
        2.633,
        -5.82,
        1,
        2.833,
        -5.82,
        3.033,
        -5.964,
        3.233,
        -6.085,
        1,
        3.489,
        -6.24,
        3.744,
        -6.272,
        4,
        -6.272,
        1,
        4.133,
        -6.272,
        4.267,
        -6.155,
        4.4,
        -6.1,
        1,
        4.544,
        -6.041,
        4.689,
        -6.036,
        4.833,
        -5.98,
        1,
        5,
        -5.916,
        5.166,
        -5.851,
        5.333,
        -5.689,
        1,
        5.633,
        -5.398,
        5.933,
        -5.033,
        6.233,
        -4.3,
        1,
        6.566,
        -3.355,
        6.9,
        -2.173,
        7.233,
        1,
        1,
        7.822,
        1,
        8.411,
        0,
        9,
        0
      ]
    },
    {
      "Target": "Parameter",
      "Id": "ZXBX",
      "Segments": [
        0,
        0,
        1,
        0.356,
        0,
        0.711,
        -0.5,
        1.067,
        -0.5,
        1,
        1.589,
        -0.5,
        2.111,
        0,
        2.633,
        0,
        2,
        7.233,
        0,
        2,
        9,
        0
      ]
    },
    {
      "Target": "Parameter",
      "Id": "ZSXZ",
      "Segments": [
        0,
        0,
        1,
        0.2,
        0,
        0.4,
        -0.3,
        0.6,
        -0.3,
        1,
        0.756,
        -0.3,
        0.911,
        0.049,
        1.067,
        0.3,
        1,
        1.234,
        0.569,
        1.4,
        0.6,
        1.567,
        0.6,
        1,
        1.922,
        0.6,
        2.278,
        -0.034,
        2.633,
        -0.034,
        1,
        3.833,
        -0.034,
        5.033,
        0.5,
        6.233,
        0.5,
        1,
        6.411,
        0.499,
        6.589,
        0.762,
        6.767,
        0.762,
        1,
        7.134,
        0.043,
        7.5,
        -0.174,
        7.867,
        -0.174,
        1,
        8.245,
        -0.174,
        8.622,
        0,
        9,
        0
      ]
    },
    {
      "Target": "Parameter",
      "Id": "ZSQH",
      "Segments": [
        0,
        0,
        2,
        0.567,
        0,
        2,
        0.6,
        1,
        2,
        6.967,
        1,
        2,
        7,
        0,
        2,
        9,
        0
      ]
    },
    {
      "Target": "Parameter",
      "Id": "zuoshou3",
      "Segments": [
        0,
        0,
        2,
        0.567,
        0,
        2,
        0.6,
        1,
        2,
        6.967,
        1,
        2,
        7,
        0,
        2,
        9,
        0
      ]
    },
    {
      "Target": "Parameter",
      "Id": "ZSZ01",
      "Segments": [
        0,
        0,
        1,
        0.189,
        0,
        0.378,
        1,
        0.567,
        1,
        2,
        0.6,
        1,
        1,
        0.7,
        1,
        0.8,
        -1,
        0.9,
        -1,
        1,
        1.122,
        -1,
        1.345,
        0.7,
        1.567,
        0.7,
        1,
        2.122,
        0.7,
        2.678,
        -0.5,
        3.233,
        -0.5,
        1,
        4.433,
        -0.5,
        5.633,
        0.8,
        6.833,
        0.8,
        1,
        6.966,
        0.8,
        7.1,
        0.585,
        7.233,
        0.5,
        1,
        7.822,
        0.123,
        8.411,
        0,
        9,
        0
      ]
    },
    {
      "Target": "Parameter",
      "Id": "ZSZ02",
      "Segments": [
        0,
        0,
        1,
        0.189,
        0,
        0.378,
        1,
        0.567,
        1,
        2,
        0.6,
        1,
        1,
        0.7,
        1,
        0.8,
        -1,
        0.9,
        -1,
        1,
        1.089,
        -1,
        1.278,
        0.8,
        1.467,
        0.8,
        1,
        2.056,
        0.8,
        2.644,
        -0.6,
        3.233,
        -0.6,
        1,
        3.766,
        -0.6,
        4.3,
        -0.441,
        4.833,
        0,
        1,
        5.5,
        0.551,
        6.166,
        0.9,
        6.833,
        0.9,
        1,
        6.966,
        0.9,
        7.1,
        0,
        7.233,
        0,
        2,
        9,
        0
      ]
    },
    {
      "Target": "Parameter",
      "Id": "ZSZ03",
      "Segments": [
        0,
        0,
        1,
        0.189,
        0,
        0.378,
        1,
        0.567,
        1,
        1,
        0.578,
        1,
        0.589,
        0.081,
        0.6,
        0,
        1,
        0.7,
        -0.727,
        0.8,
        -1,
        0.9,
        -1,
        1,
        1.067,
        -1,
        1.233,
        0,
        1.4,
        0,
        1,
        2.011,
        0,
        2.622,
        -1,
        3.233,
        -1,
        1,
        3.766,
        -1,
        4.3,
        0,
        4.833,
        0,
        2,
        6.833,
        0,
        2,
        7.233,
        0,
        2,
        9,
        0
      ]
    },
    {
      "Target": "Parameter",
      "Id": "ZSZ04",
      "Segments": [
        0,
        0,
        1,
        0.189,
        0,
        0.378,
        1,
        0.567,
        1,
        1,
        0.578,
        1,
        0.589,
        0.081,
        0.6,
        0,
        1,
        0.7,
        -0.727,
        0.8,
        -1,
        0.9,
        -1,
        1,
        1.044,
        -1,
        1.189,
        0,
        1.333,
        0,
        1,
        1.966,
        0,
        2.6,
        -1,
        3.233,
        -1,
        1,
        3.766,
        -1,
        4.3,
        0,
        4.833,
        0,
        2,
        6.833,
        0,
        2,
        7.233,
        0,
        2,
        9,
        0
      ]
    },
    {
      "Target": "Parameter",
      "Id": "YBXZ",
      "Segments": [
        0,
        0,
        1,
        0.356,
        0,
        0.711,
        5,
        1.067,
        5,
        1,
        1.856,
        9.014,
        2.644,
        10,
        3.433,
        10,
        1,
        4.033,
        10,
        4.633,
        7.195,
        5.233,
        6,
        1,
        5.566,
        5.336,
        5.9,
        5.605,
        6.233,
        5,
        1,
        6.566,
        4.395,
        6.9,
        0,
        7.233,
        0,
        2,
        9,
        0
      ]
    },
    {
      "Target": "Parameter",
      "Id": "YXBXZ",
      "Segments": [
        0,
        0,
        1,
        0.522,
        0,
        1.045,
        1,
        1.567,
        1,
        1,
        2.189,
        2.444,
        2.811,
        8,
        3.433,
        8,
        1,
        4.033,
        8,
        4.633,
        3.32,
        5.233,
        2,
        1,
        5.566,
        1.267,
        5.9,
        1.444,
        6.233,
        1,
        1,
        6.566,
        0.556,
        6.9,
        0,
        7.233,
        0,
        1,
        7.478,
        0,
        7.722,
        5,
        7.967,
        5,
        1,
        8.311,
        5,
        8.656,
        0,
        9,
        0
      ]
    },
    {
      "Target": "Parameter",
      "Id": "YSXZ",
      "Segments": [
        0,
        0,
        1,
        1.144,
        0,
        2.289,
        -0.7,
        3.433,
        -0.7,
        1,
        4.366,
        -0.7,
        5.3,
        0,
        6.233,
        0,
        1,
        6.644,
        0,
        7.056,
        -0.6,
        7.467,
        -0.6,
        1,
        7.767,
        -0.6,
        8.067,
        0.7,
        8.367,
        0.7,
        1,
        8.578,
        0.7,
        8.789,
        0,
        9,
        0
      ]
    },
    {
      "Target": "Parameter",
      "Id": "YOUSHOUx",
      "Segments": [
        0,
        0,
        1,
        1.411,
        0,
        2.822,
        -1,
        4.233,
        -1,
        1,
        5.233,
        -1,
        6.233,
        0,
        7.233,
        0,
        2,
        9,
        0
      ]
    },
    {
      "Target": "Parameter",
      "Id": "youshouY",
      "Segments": [
        0,
        0,
        1,
        0.911,
        0,
        1.822,
        1,
        2.733,
        1,
        1,
        3.566,
        1,
        4.4,
        -1,
        5.233,
        -1,
        1,
        5.9,
        -1,
        6.566,
        0,
        7.233,
        0,
        2,
        9,
        0
      ]
    },
    {
      "Target": "Parameter",
      "Id": "YSZ1",
      "Segments": [
        0,
        0,
        1,
        0.478,
        0,
        0.955,
        1,
        1.433,
        1,
        1,
        1.866,
        1,
        2.3,
        -1,
        2.733,
        -1,
        1,
        4.233,
        -1,
        5.733,
        0,
        7.233,
        0,
        1,
        7.455,
        0,
        7.678,
        -1,
        7.9,
        -1,
        1,
        8.267,
        -1,
        8.633,
        0,
        9,
        0
      ]
    },
    {
      "Target": "Parameter",
      "Id": "YSZ2",
      "Segments": [
        0,
        0,
        1,
        0.478,
        0,
        0.955,
        1,
        1.433,
        1,
        1,
        1.866,
        1,
        2.3,
        -1,
        2.733,
        -1,
        1,
        4.233,
        -1,
        5.733,
        -0.754,
        7.233,
        0,
        1,
        7.678,
        0.223,
        8.122,
        0.6,
        8.567,
        0.6,
        1,
        8.711,
        0.6,
        8.856,
        0,
        9,
        0
      ]
    },
    {
      "Target": "Parameter",
      "Id": "YSZ3",
      "Segments": [
        0,
        0,
        1,
        0.478,
        0,
        0.955,
        1,
        1.433,
        1,
        1,
        1.866,
        1,
        2.3,
        -1,
        2.733,
        -1,
        1,
        4.233,
        -1,
        5.733,
        -0.755,
        7.233,
        0,
        1,
        7.655,
        0.212,
        8.078,
        0.6,
        8.5,
        0.6,
        1,
        8.667,
        0.6,
        8.833,
        0,
        9,
        0
      ]
    },
    {
      "Target": "Parameter",
      "Id": "YSZ4",
      "Segments": [
        0,
        0,
        1,
        0.478,
        0,
        0.955,
        1,
        1.433,
        1,
        1,
        1.866,
        1,
        2.3,
        -1,
        2.733,
        -1,
        1,
        3.233,
        -1,
        3.733,
        -0.371,
        4.233,
        0.2,
        1,
        4.566,
        0.581,
        4.9,
        0.6,
        5.233,
        0.6,
        1,
        5.566,
        0.6,
        5.9,
        0.378,
        6.233,
        0.2,
        1,
        6.566,
        0.022,
        6.9,
        0,
        7.233,
        0,
        1,
        7.633,
        0,
        8.033,
        0.6,
        8.433,
        0.6,
        1,
        8.622,
        0.6,
        8.811,
        0,
        9,
        0
      ]
    },
    {
      "Target": "Parameter",
      "Id": "YSZ5",
      "Segments": [
        0,
        0,
        1,
        0.233,
        0,
        0.467,
        -0.014,
        0.7,
        0.2,
        1,
        0.944,
        0.424,
        1.189,
        1,
        1.433,
        1,
        1,
        1.866,
        1,
        2.3,
        -1,
        2.733,
        -1,
        1,
        3.066,
        -1,
        3.4,
        -0.257,
        3.733,
        0.2,
        1,
        4.233,
        0.886,
        4.733,
        1,
        5.233,
        1,
        1,
        5.4,
        1,
        5.566,
        0.258,
        5.733,
        0.2,
        1,
        6.233,
        0.027,
        6.733,
        0,
        7.233,
        0,
        1,
        7.611,
        0,
        7.989,
        0.6,
        8.367,
        0.6,
        1,
        8.578,
        0.6,
        8.789,
        0,
        9,
        0
      ]
    },
    {
      "Target": "Parameter",
      "Id": "ZTXZ",
      "Segments": [
        0,
        0,
        1,
        0.356,
        0,
        0.711,
        -6,
        1.067,
        -6,
        1,
        2.334,
        -6,
        3.6,
        -6.004,
        4.867,
        -5,
        1,
        5.656,
        -4.375,
        6.444,
        0,
        7.233,
        0,
        2,
        9,
        0
      ]
    },
    {
      "Target": "Parameter",
      "Id": "ZXTXZ",
      "Segments": [
        0,
        0,
        1,
        1.133,
        0,
        2.267,
        -2,
        3.4,
        -2,
        1,
        4.678,
        -2,
        5.955,
        0,
        7.233,
        0,
        2,
        9,
        0
      ]
    },
    {
      "Target": "Parameter",
      "Id": "ZJXZ",
      "Segments": [
        0,
        0,
        1,
        1.133,
        0,
        2.267,
        -0.2,
        3.4,
        -0.5,
        1,
        4,
        -0.659,
        4.6,
        -0.7,
        5.2,
        -0.7,
        1,
        6.467,
        -0.7,
        7.733,
        0,
        9,
        0
      ]
    },
    {
      "Target": "Parameter",
      "Id": "zuojiaoTX",
      "Segments": [
        0,
        1,
        1,
        0.233,
        1,
        0.467,
        0,
        0.7,
        0,
        1,
        1.378,
        0,
        2.055,
        1,
        2.733,
        1,
        1,
        3.233,
        1,
        3.733,
        0.4,
        4.233,
        0.4,
        1,
        4.733,
        0.4,
        5.233,
        1,
        5.733,
        1,
        2,
        7.233,
        1,
        2,
        9,
        1
      ]
    },
    {
      "Target": "Parameter",
      "Id": "YTXZ",
      "Segments": [
        0,
        0,
        1,
        0.356,
        0,
        0.711,
        -5,
        1.067,
        -5,
        2,
        6.4,
        -5,
        1,
        6.767,
        -5,
        7.133,
        -4.09,
        7.5,
        -2,
        1,
        7.833,
        -0.1,
        8.167,
        1,
        8.5,
        1,
        1,
        8.667,
        1,
        8.833,
        0,
        9,
        0
      ]
    },
    {
      "Target": "Parameter",
      "Id": "YXTXZ",
      "Segments": [
        0,
        0,
        1,
        0.544,
        0,
        1.089,
        3,
        1.633,
        3,
        1,
        2.255,
        3,
        2.878,
        1.476,
        3.5,
        0,
        1,
        4.156,
        -1.555,
        4.811,
        -1.869,
        5.467,
        -1.869,
        1,
        5.867,
        -1.869,
        6.267,
        6.128,
        6.667,
        6.128,
        1,
        7.078,
        6.128,
        7.489,
        0,
        7.9,
        0,
        2,
        9,
        0
      ]
    },
    {
      "Target": "Parameter",
      "Id": "YJXZ",
      "Segments": [
        0,
        0,
        2,
        1.433,
        0,
        1,
        2.366,
        0,
        3.3,
        -0.5,
        4.233,
        -0.5,
        1,
        5.233,
        -0.5,
        6.233,
        0,
        7.233,
        0,
        1,
        7.6,
        0,
        7.966,
        -0.7,
        8.333,
        -0.7,
        1,
        8.555,
        -0.7,
        8.778,
        0,
        9,
        0
      ]
    },
    {
      "Target": "Parameter",
      "Id": "shufanye",
      "Segments": [
        0,
        0,
        1,
        0.233,
        0,
        0.467,
        0.5,
        0.7,
        0.5,
        1,
        1.344,
        0.5,
        1.989,
        -1,
        2.633,
        -1,
        1,
        2.833,
        -1,
        3.033,
        -0.953,
        3.233,
        -0.953,
        1,
        3.566,
        -0.953,
        3.9,
        -1,
        4.233,
        -1,
        1,
        4.678,
        -1,
        5.122,
        -1.012,
        5.567,
        -0.685,
        1,
        5.956,
        -0.399,
        6.344,
        0.5,
        6.733,
        0.5,
        1,
        6.9,
        0.5,
        7.066,
        0,
        7.233,
        0,
        2,
        9,
        0
      ]
    },
    {
      "Target": "Parameter",
      "Id": "shuqianPD",
      "Segments": [
        0,
        0,
        1,
        0.478,
        0,
        0.955,
        -1,
        1.433,
        -1,
        1,
        2.033,
        -1,
        2.633,
        1,
        3.233,
        1,
        1,
        3.566,
        1,
        3.9,
        -0.581,
        4.233,
        -0.581,
        1,
        4.566,
        -0.581,
        4.9,
        1,
        5.233,
        1,
        1,
        5.566,
        1,
        5.9,
        -1,
        6.233,
        -1,
        1,
        6.566,
        -1,
        6.9,
        0,
        7.233,
        0,
        2,
        9,
        0
      ]
    },
    {
      "Target": "Parameter",
      "Id": "shiwuhe",
      "Segments": [
        0,
        0,
        1,
        0.478,
        0,
        0.955,
        -1,
        1.433,
        -1,
        1,
        2.366,
        -1,
        3.3,
        1,
        4.233,
        1,
        1,
        4.9,
        1,
        5.566,
        -1,
        6.233,
        -1,
        1,
        6.566,
        -1,
        6.9,
        0,
        7.233,
        0,
        2,
        9,
        0
      ]
    },
    {
      "Target": "Parameter",
      "Id": "SWHBZ",
      "Segments": [
        0,
        0,
        1,
        0.233,
        0,
        0.467,
        0.277,
        0.7,
        0.277,
        1,
        1.544,
        0.277,
        2.389,
        -0.381,
        3.233,
        -0.381,
        1,
        3.9,
        -0.381,
        4.566,
        0.237,
        5.233,
        0.237,
        1,
        5.733,
        0.237,
        6.233,
        -0.1,
        6.733,
        -0.1,
        1,
        6.9,
        -0.1,
        7.066,
        0,
        7.233,
        0,
        2,
        9,
        0
      ]
    },
    {
      "Target": "Parameter",
      "Id": "PCDYB",
      "Segments": [
        0,
        0,
        1,
        0.233,
        0,
        0.467,
        -1,
        0.7,
        -1,
        1,
        1.067,
        -1,
        1.433,
        1,
        1.8,
        1,
        1,
        2.156,
        1,
        2.511,
        -0.7,
        2.867,
        -0.7,
        1,
        3.234,
        -0.7,
        3.6,
        0.825,
        3.967,
        0.825,
        1,
        4.289,
        0.825,
        4.611,
        -0.926,
        4.933,
        -0.926,
        1,
        5.311,
        -0.926,
        5.689,
        0.825,
        6.067,
        0.825,
        1,
        6.456,
        0.825,
        6.844,
        -0.698,
        7.233,
        -0.698,
        1,
        7.6,
        -0.698,
        7.966,
        1,
        8.333,
        1,
        1,
        8.555,
        1,
        8.778,
        0,
        9,
        0
      ]
    },
    {
      "Target": "Parameter",
      "Id": "PGYYTMD",
      "Segments": [
        0,
        0,
        1,
        0.156,
        0,
        0.311,
        1,
        0.467,
        1,
        2,
        8.333,
        1,
        1,
        8.555,
        1,
        8.778,
        0,
        9,
        0
      ]
    },
    {
      "Target": "Parameter",
      "Id": "zongxie",
      "Segments": [
        0,
        0,
        1,
        0.644,
        0,
        1.289,
        0.6,
        1.933,
        0.6,
        1,
        3.011,
        0.6,
        4.089,
        -0.4,
        5.167,
        -0.4,
        1,
        5.856,
        -0.4,
        6.544,
        0,
        7.233,
        0,
        1,
        7.544,
        0,
        7.856,
        -0.3,
        8.167,
        -0.3,
        1,
        8.445,
        -0.3,
        8.722,
        0,
        9,
        0
      ]
    },
    {
      "Target": "Parameter",
      "Id": "zongti",
      "Segments": [
        0,
        0,
        2,
        3.267,
        0,
        1,
        4.589,
        0,
        5.911,
        1,
        7.233,
        1,
        1,
        7.822,
        1,
        8.411,
        0.111,
        9,
        0.111
      ]
    },
    {
      "Target": "Parameter",
      "Id": "MZPDJD",
      "Segments": [
        0,
        0,
        2,
        0.733,
        0,
        1,
        1.066,
        0,
        1.4,
        -0.4,
        1.733,
        -0.4,
        1,
        2.044,
        -0.4,
        2.356,
        -0.304,
        2.667,
        0,
        1,
        2.956,
        0.283,
        3.244,
        0.5,
        3.533,
        0.5,
        1,
        3.866,
        0.5,
        4.2,
        0.29,
        4.533,
        0,
        1,
        4.878,
        -0.3,
        5.222,
        -0.4,
        5.567,
        -0.4,
        1,
        5.856,
        -0.4,
        6.144,
        -0.234,
        6.433,
        0,
        1,
        6.711,
        0.225,
        6.989,
        0.3,
        7.267,
        0.3,
        1,
        7.567,
        0.3,
        7.867,
        0,
        8.167,
        0,
        2,
        9,
        0
      ]
    },
    {
      "Target": "Parameter",
      "Id": "MZPDBX",
      "Segments": [
        0,
        0,
        1,
        0.244,
        0,
        0.489,
        0.291,
        0.733,
        0.291,
        1,
        1.066,
        0.291,
        1.4,
        0.258,
        1.733,
        -0.041,
        1,
        2.044,
        -0.319,
        2.356,
        -0.706,
        2.667,
        -0.706,
        1,
        2.956,
        -0.706,
        3.244,
        -0.518,
        3.533,
        -0.107,
        1,
        3.866,
        0.368,
        4.2,
        0.623,
        4.533,
        0.623,
        1,
        4.878,
        0.623,
        5.222,
        0.198,
        5.567,
        -0.107,
        1,
        5.856,
        -0.363,
        6.144,
        -0.372,
        6.433,
        -0.372,
        1,
        6.711,
        -0.372,
        6.989,
        -0.357,
        7.267,
        -0.173,
        1,
        7.567,
        0.026,
        7.867,
        0.291,
        8.167,
        0.291,
        1,
        8.445,
        0.291,
        8.722,
        0,
        9,
        0
      ]
    },
    {
      "Target": "Parameter",
      "Id": "pancizhezou",
      "Segments": [
        0,
        0,
        1,
        0.356,
        0,
        0.711,
        -1,
        1.067,
        -1,
        1,
        1.611,
        -1,
        2.156,
        1,
        2.7,
        1,
        1,
        3.311,
        1,
        3.922,
        -1,
        4.533,
        -1,
        1,
        5.078,
        -1,
        5.622,
        1,
        6.167,
        1,
        1,
        6.6,
        1,
        7.034,
        -0.4,
        7.467,
        -0.4,
        1,
        7.756,
        -0.4,
        8.044,
        0.7,
        8.333,
        0.7,
        1,
        8.555,
        0.7,
        8.778,
        0,
        9,
        0
      ]
    },
    {
      "Target": "Parameter",
      "Id": "toushizhezou",
      "Segments": [
        0,
        0,
        1,
        0.233,
        0,
        0.467,
        -0.686,
        0.7,
        -0.686,
        1,
        1.133,
        -0.686,
        1.567,
        0.642,
        2,
        0.642,
        1,
        2.489,
        0.642,
        2.978,
        -0.686,
        3.467,
        -0.686,
        1,
        3.911,
        -0.686,
        4.356,
        0.642,
        4.8,
        0.642,
        1,
        5.289,
        0.642,
        5.778,
        -0.686,
        6.267,
        -0.686,
        1,
        6.622,
        -0.686,
        6.978,
        0.642,
        7.333,
        0.642,
        1,
        7.666,
        0.642,
        8,
        -0.3,
        8.333,
        -0.3,
        1,
        8.555,
        -0.3,
        8.778,
        0,
        9,
        0
      ]
    },
    {
      "Target": "Parameter",
      "Id": "zongZY",
      "Segments": [
        0,
        0,
        1,
        0.989,
        0,
        1.978,
        -2,
        2.967,
        -2,
        1,
        4.034,
        -2,
        5.1,
        3,
        6.167,
        3,
        1,
        7.111,
        3,
        8.056,
        0,
        9,
        0
      ]
    },
    {
      "Target": "Parameter",
      "Id": "zongSX",
      "Segments": [
        0,
        0,
        1,
        0.289,
        0,
        0.578,
        -3,
        0.867,
        -3,
        1,
        1.667,
        -3,
        2.467,
        7,
        3.267,
        7,
        1,
        4.556,
        7,
        5.844,
        -3,
        7.133,
        -3,
        1,
        7.755,
        -3,
        8.378,
        0,
        9,
        0
      ]
    },
    {
      "Target": "Parameter",
      "Id": "zongjiaodi",
      "Segments": [
        0,
        0,
        1,
        0.944,
        0,
        1.889,
        1,
        2.833,
        1,
        1,
        4.078,
        1,
        5.322,
        0,
        6.567,
        0,
        2,
        9,
        0
      ]
    },
    {
      "Target": "Parameter",
      "Id": "PGZY",
      "Segments": [
        0,
        0,
        1,
        0.567,
        0,
        1.133,
        -1,
        1.7,
        -1,
        1,
        2.433,
        -1,
        3.167,
        -0.193,
        3.9,
        -0.1,
        1,
        4.789,
        0.013,
        5.678,
        0,
        6.567,
        0,
        2,
        9,
        0
      ]
    },
    {
      "Target": "Parameter",
      "Id": "XSDSX",
      "Segments": [
        0,
        0,
        1,
        0.178,
        0,
        0.355,
        -0.5,
        0.533,
        -0.5,
        1,
        0.822,
        -0.5,
        1.111,
        0.5,
        1.4,
        0.5,
        1,
        1.689,
        0.5,
        1.978,
        -0.5,
        2.267,
        -0.5,
        1,
        2.634,
        -0.5,
        3,
        0.608,
        3.367,
        0.608,
        1,
        3.678,
        0.608,
        3.989,
        -0.673,
        4.3,
        -0.673,
        1,
        4.644,
        -0.673,
        4.989,
        0.719,
        5.333,
        0.719,
        1,
        5.689,
        0.719,
        6.044,
        -1,
        6.4,
        -1,
        1,
        6.733,
        -1,
        7.067,
        1,
        7.4,
        1,
        1,
        7.756,
        1,
        8.111,
        -1,
        8.467,
        -1,
        1,
        8.645,
        -1,
        8.822,
        0,
        9,
        0
      ]
    },
    {
      "Target": "Parameter",
      "Id": "oupaijiya",
      "Segments": [
        0,
        0,
        1,
        0.411,
        0,
        0.822,
        0.355,
        1.233,
        0.355,
        1,
        1.333,
        0.355,
        1.433,
        -0.755,
        1.533,
        -0.9,
        1,
        1.622,
        -1.028,
        1.711,
        -1,
        1.8,
        -1,
        2,
        3.867,
        -1,
        1,
        4.2,
        -1,
        4.534,
        1,
        4.867,
        1,
        1,
        5.045,
        1,
        5.222,
        -0.3,
        5.4,
        -0.3,
        1,
        5.522,
        -0.3,
        5.645,
        0.1,
        5.767,
        0.1,
        1,
        5.856,
        0.1,
        5.944,
        0,
        6.033,
        0,
        2,
        9,
        0
      ]
    },
    {
      "Target": "Parameter",
      "Id": "ZBXZ",
      "Segments": [
        0,
        0,
        1,
        0.356,
        0,
        0.711,
        -6.449,
        1.067,
        -7,
        1,
        1.589,
        -7.809,
        2.111,
        -7.76,
        2.633,
        -7.76,
        1,
        2.833,
        -7.76,
        3.033,
        -7.872,
        3.233,
        -7.662,
        1,
        4.233,
        -6.612,
        5.233,
        -4.174,
        6.233,
        -2,
        1,
        6.566,
        -1.275,
        6.9,
        0,
        7.233,
        0,
        2,
        9,
        0
      ]
    },
    {
      "Target": "Parameter",
      "Id": "jianweizi",
      "Segments": [
        0,
        0,
        1,
        0.667,
        0,
        1.333,
        0.3,
        2,
        0.3,
        1,
        3.744,
        0.3,
        5.489,
        0,
        7.233,
        0,
        2,
        9,
        0
      ]
    },
    {
      "Target": "Parameter",
      "Id": "yifujiaodu",
      "Segments": [
        0,
        0,
        1,
        0.2,
        0,
        0.4,
        0.4,
        0.6,
        0.4,
        1,
        1.044,
        0.4,
        1.489,
        -0.43,
        1.933,
        -0.43,
        1,
        2.389,
        -0.43,
        2.844,
        0.307,
        3.3,
        0.307,
        1,
        3.722,
        0.307,
        4.145,
        -0.268,
        4.567,
        -0.268,
        1,
        4.989,
        -0.268,
        5.411,
        0,
        5.833,
        0,
        1,
        6.233,
        0,
        6.633,
        -0.268,
        7.033,
        -0.268,
        1,
        7.522,
        -0.268,
        8.011,
        0.138,
        8.5,
        0.138,
        1,
        8.667,
        0.138,
        8.833,
        0,
        9,
        0
      ]
    },
    {
      "Target": "Parameter",
      "Id": "yifubianxin",
      "Segments": [
        0,
        0,
        1,
        0.356,
        0,
        0.711,
        1,
        1.067,
        1,
        1,
        1.567,
        1,
        2.067,
        -1,
        2.567,
        -1,
        1,
        3.056,
        -1,
        3.544,
        0.856,
        4.033,
        0.856,
        1,
        4.444,
        0.856,
        4.856,
        0,
        5.267,
        0,
        1,
        5.622,
        0,
        5.978,
        0.535,
        6.333,
        0.535,
        1,
        6.9,
        0.535,
        7.466,
        -0.334,
        8.033,
        -0.334,
        1,
        8.355,
        -0.334,
        8.678,
        0,
        9,
        0
      ]
    },
    {
      "Target": "Parameter",
      "Id": "piaodaijiaodu",
      "Segments": [
        0,
        0,
        1,
        0.167,
        0,
        0.333,
        -1,
        0.5,
        -1,
        1,
        0.722,
        -1,
        0.945,
        0.5,
        1.167,
        0.5,
        1,
        1.767,
        0.5,
        2.367,
        -1,
        2.967,
        -1,
        1,
        3.711,
        -1,
        4.456,
        1,
        5.2,
        1,
        1,
        5.9,
        1,
        6.6,
        -1,
        7.3,
        -1,
        1,
        7.867,
        -1,
        8.433,
        0,
        9,
        0
      ]
    },
    {
      "Target": "Parameter",
      "Id": "piaodaibianxing",
      "Segments": [
        0,
        0,
        1,
        0.633,
        0,
        1.267,
        1,
        1.9,
        1,
        1,
        2.589,
        1,
        3.278,
        -1,
        3.967,
        -1,
        1,
        4.756,
        -1,
        5.544,
        1,
        6.333,
        1,
        1,
        6.978,
        1,
        7.622,
        -0.6,
        8.267,
        -0.6,
        1,
        8.511,
        -0.6,
        8.756,
        0,
        9,
        0
      ]
    },
    {
      "Target": "Parameter",
      "Id": "houfa1jiaodu",
      "Segments": [
        0,
        0,
        1,
        0.422,
        0,
        0.845,
        0.3,
        1.267,
        0.3,
        1,
        2.122,
        0.3,
        2.978,
        -0.3,
        3.833,
        -0.3,
        1,
        4.833,
        -0.3,
        5.833,
        0.106,
        6.833,
        0.106,
        1,
        7.555,
        0.106,
        8.278,
        0,
        9,
        0
      ]
    },
    {
      "Target": "Parameter",
      "Id": "houfa1bianxin",
      "Segments": [
        0,
        0,
        1,
        0.422,
        0,
        0.845,
        -0.17,
        1.267,
        -0.17,
        1,
        1.7,
        -0.17,
        2.134,
        0.371,
        2.567,
        0.371,
        1,
        3.478,
        0.371,
        4.389,
        -0.341,
        5.3,
        -0.341,
        1,
        6.267,
        -0.341,
        7.233,
        0,
        8.2,
        0,
        2,
        9,
        0
      ]
    },
    {
      "Target": "Parameter",
      "Id": "houfa2jiaodu",
      "Segments": [
        0,
        0,
        1,
        0.644,
        0,
        1.289,
        -0.729,
        1.933,
        -0.729,
        1,
        2.833,
        -0.729,
        3.733,
        0.424,
        4.633,
        0.424,
        1,
        5.555,
        0.424,
        6.478,
        -0.399,
        7.4,
        -0.399,
        1,
        7.933,
        -0.399,
        8.467,
        0,
        9,
        0
      ]
    },
    {
      "Target": "Parameter",
      "Id": "houfa2bianxing",
      "Segments": [
        0,
        0,
        1,
        0.256,
        0,
        0.511,
        0.413,
        0.767,
        0.413,
        1,
        1.567,
        0.413,
        2.367,
        -0.674,
        3.167,
        -0.674,
        1,
        4.156,
        -0.674,
        5.144,
        0.042,
        6.133,
        0.042,
        1,
        6.744,
        0.042,
        7.356,
        -0.02,
        7.967,
        -0.02,
        1,
        8.311,
        -0.02,
        8.656,
        0,
        9,
        0
      ]
    },
    {
      "Target": "Parameter",
      "Id": "houfa3jiaodu",
      "Segments": [
        0,
        0,
        1,
        0.544,
        0,
        1.089,
        0.841,
        1.633,
        0.841,
        1,
        2.255,
        0.841,
        2.878,
        -0.719,
        3.5,
        -0.719,
        1,
        4.133,
        -0.719,
        4.767,
        0.511,
        5.4,
        0.511,
        1,
        6.089,
        0.511,
        6.778,
        -0.505,
        7.467,
        -0.505,
        1,
        7.978,
        -0.505,
        8.489,
        0,
        9,
        0
      ]
    },
    {
      "Target": "Parameter",
      "Id": "houfa3bianxing",
      "Segments": [
        0,
        0,
        1,
        0.289,
        0,
        0.578,
        -0.733,
        0.867,
        -0.733,
        1,
        1.445,
        -0.733,
        2.022,
        0.701,
        2.6,
        0.701,
        1,
        3.211,
        0.701,
        3.822,
        -0.316,
        4.433,
        -0.316,
        1,
        5.066,
        -0.316,
        5.7,
        0.107,
        6.333,
        0.107,
        1,
        6.811,
        0.107,
        7.289,
        -0.059,
        7.767,
        -0.059,
        1,
        8.178,
        -0.059,
        8.589,
        0,
        9,
        0
      ]
    },
    {
      "Target": "Parameter",
      "Id": "houfa4jiaodu",
      "Segments": [
        0,
        0,
        1,
        0.378,
        0,
        0.755,
        -0.51,
        1.133,
        -0.51,
        1,
        1.678,
        -0.51,
        2.222,
        0.296,
        2.767,
        0.296,
        1,
        3.678,
        0.296,
        4.589,
        -0.244,
        5.5,
        -0.244,
        1,
        6.267,
        -0.244,
        7.033,
        0.182,
        7.8,
        0.182,
        1,
        8.2,
        0.182,
        8.6,
        0,
        9,
        0
      ]
    },
    {
      "Target": "Parameter",
      "Id": "houfa4bianxing",
      "Segments": [
        0,
        0,
        1,
        0.422,
        0,
        0.845,
        -0.312,
        1.267,
        -0.312,
        1,
        2.067,
        -0.312,
        2.867,
        0.287,
        3.667,
        0.287,
        1,
        4.778,
        0.287,
        5.889,
        -0.146,
        7,
        -0.146,
        1,
        7.667,
        -0.146,
        8.333,
        0,
        9,
        0
      ]
    },
    {
      "Target": "Parameter",
      "Id": "houfa5jiaodu",
      "Segments": [
        0,
        0,
        1,
        0.422,
        0,
        0.845,
        0.645,
        1.267,
        0.645,
        1,
        1.911,
        0.645,
        2.556,
        -0.755,
        3.2,
        -0.755,
        1,
        3.789,
        -0.755,
        4.378,
        0.839,
        4.967,
        0.839,
        1,
        5.578,
        0.839,
        6.189,
        -0.452,
        6.8,
        -0.452,
        1,
        7.244,
        -0.452,
        7.689,
        0.332,
        8.133,
        0.332,
        1,
        8.422,
        0.332,
        8.711,
        0,
        9,
        0
      ]
    },
    {
      "Target": "Parameter",
      "Id": "houfa5bianxing",
      "Segments": [
        0,
        0,
        1,
        0.256,
        0,
        0.511,
        0.809,
        0.767,
        0.809,
        1,
        1.311,
        0.809,
        1.856,
        -0.778,
        2.4,
        -0.778,
        1,
        3.011,
        -0.778,
        3.622,
        0.222,
        4.233,
        0.222,
        1,
        4.733,
        0.222,
        5.233,
        -0.718,
        5.733,
        -0.718,
        1,
        6.5,
        -0.718,
        7.266,
        0.005,
        8.033,
        0.005,
        1,
        8.355,
        0.005,
        8.678,
        0,
        9,
        0
      ]
    },
    {
      "Target": "Parameter",
      "Id": "ParamEyeLSmile",
      "Segments": [
        0,
        0,
        0,
        9,
        0
      ]
    },
    {
      "Target": "Parameter",
      "Id": "ParamEyeRSmile",
      "Segments": [
        0,
        0,
        0,
        9,
        0
      ]
    },
    {
      "Target": "Parameter",
      "Id": "ParamEyeBallX",
      "Segments": [
        0,
        0,
        0,
        9,
        0
      ]
    },
    {
      "Target": "Parameter",
      "Id": "mudaxiao",
      "Segments": [
        0,
        0,
        0,
        9,
        0
      ]
    },
    {
      "Target": "Parameter",
      "Id": "gaoguangqiehuang",
      "Segments": [
        0,
        0,
        0,
        9,
        0
      ]
    },
    {
      "Target": "Parameter",
      "Id": "ParamMouthForm",
      "Segments": [
        0,
        0,
        0,
        9,
        0
      ]
    },
    {
      "Target": "Parameter",
      "Id": "ParamMouthOpenY",
      "Segments": [
        0,
        0,
        0,
        9,
        0
      ]
    },
    {
      "Target": "Parameter",
      "Id": "koudaxiao",
      "Segments": [
        0,
        0,
        0,
        9,
        0
      ]
    },
    {
      "Target": "Parameter",
      "Id": "kouqiehuan",
      "Segments": [
        0,
        0,
        0,
        9,
        0
      ]
    },
    {
      "Target": "Parameter",
      "Id": "CZDH",
      "Segments": [
        0,
        0,
        0,
        9,
        0
      ]
    },
    {
      "Target": "Parameter",
      "Id": "ParamCheek",
      "Segments": [
        0,
        0,
        0,
        9,
        0
      ]
    },
    {
      "Target": "Parameter",
      "Id": "ZXZY",
      "Segments": [
        0,
        0,
        0,
        9,
        0
      ]
    },
    {
      "Target": "Parameter",
      "Id": "YXZY",
      "Segments": [
        0,
        0,
        0,
        9,
        0
      ]
    },
    {
      "Target": "Parameter",
      "Id": "ZSBX",
      "Segments": [
        0,
        0,
        0,
        9,
        0
      ]
    },
    {
      "Target": "Parameter",
      "Id": "zuobitc",
      "Segments": [
        0,
        0,
        0,
        9,
        0
      ]
    },
    {
      "Target": "Parameter",
      "Id": "zuoshou2",
      "Segments": [
        0,
        0,
        0,
        9,
        0
      ]
    },
    {
      "Target": "Parameter",
      "Id": "zuoshou4",
      "Segments": [
        0,
        0,
        0,
        9,
        0
      ]
    },
    {
      "Target": "Parameter",
      "Id": "zuoshou5",
      "Segments": [
        0,
        0,
        0,
        9,
        0
      ]
    },
    {
      "Target": "Parameter",
      "Id": "ZBTS",
      "Segments": [
        0,
        0,
        0,
        9,
        0
      ]
    },
    {
      "Target": "Parameter",
      "Id": "zuoshouX",
      "Segments": [
        0,
        0,
        0,
        9,
        0
      ]
    },
    {
      "Target": "Parameter",
      "Id": "zuoshouY",
      "Segments": [
        0,
        0,
        0,
        9,
        0
      ]
    },
    {
      "Target": "Parameter",
      "Id": "zsz5",
      "Segments": [
        0,
        0,
        0,
        9,
        0
      ]
    },
    {
      "Target": "Parameter",
      "Id": "YXBQH",
      "Segments": [
        0,
        0,
        0,
        9,
        0
      ]
    },
    {
      "Target": "Parameter",
      "Id": "BTYBZY",
      "Segments": [
        0,
        0,
        0,
        9,
        0
      ]
    },
    {
      "Target": "Parameter",
      "Id": "BTYBSX",
      "Segments": [
        0,
        0,
        0,
        9,
        0
      ]
    },
    {
      "Target": "Parameter",
      "Id": "BTYBJD",
      "Segments": [
        0,
        0,
        0,
        9,
        0
      ]
    },
    {
      "Target": "Parameter",
      "Id": "YXBX",
      "Segments": [
        0,
        0,
        0,
        9,
        0
      ]
    },
    {
      "Target": "Parameter",
      "Id": "YSSZTC",
      "Segments": [
        0,
        0,
        0,
        9,
        0
      ]
    },
    {
      "Target": "Parameter",
      "Id": "YSZTC",
      "Segments": [
        0,
        0,
        0,
        9,
        0
      ]
    },
    {
      "Target": "Parameter",
      "Id": "ZTXQM",
      "Segments": [
        0,
        0,
        0,
        9,
        0
      ]
    },
    {
      "Target": "Parameter",
      "Id": "zuotuoxieQH",
      "Segments": [
        0,
        0,
        0,
        9,
        0
      ]
    },
    {
      "Target": "Parameter",
      "Id": "ZTXX",
      "Segments": [
        0,
        0,
        0,
        9,
        0
      ]
    },
    {
      "Target": "Parameter",
      "Id": "ZTXY",
      "Segments": [
        0,
        0,
        0,
        9,
        0
      ]
    },
    {
      "Target": "Parameter",
      "Id": "ZTXJD",
      "Segments": [
        0,
        0,
        0,
        9,
        0
      ]
    },
    {
      "Target": "Parameter",
      "Id": "panciTDX",
      "Segments": [
        0,
        0,
        0,
        9,
        0
      ]
    },
    {
      "Target": "Parameter",
      "Id": "PANCITDY",
      "Segments": [
        0,
        0,
        0,
        9,
        0
      ]
    },
    {
      "Target": "Parameter",
      "Id": "pancirou",
      "Segments": [
        0,
        0,
        0,
        9,
        0
      ]
    },
    {
      "Target": "Parameter",
      "Id": "ZXtuodong",
      "Segments": [
        0,
        0,
        0,
        9,
        0
      ]
    },
    {
      "Target": "Parameter",
      "Id": "TTQDYK",
      "Segments": [
        0,
        0,
        0,
        9,
        0
      ]
    },
    {
      "Target": "Parameter",
      "Id": "TTQqiehuan",
      "Segments": [
        0,
        0,
        0,
        9,
        0
      ]
    },
    {
      "Target": "Parameter",
      "Id": "TTQZY",
      "Segments": [
        0,
        -10,
        0,
        9,
        -10
      ]
    },
    {
      "Target": "Parameter",
      "Id": "TTQSX",
      "Segments": [
        0,
        0,
        0,
        9,
        0
      ]
    },
    {
      "Target": "Parameter",
      "Id": "TTQJD",
      "Segments": [
        0,
        0,
        0,
        9,
        0
      ]
    },
    {
      "Target": "Parameter",
      "Id": "TTQYC",
      "Segments": [
        0,
        0,
        0,
        9,
        0
      ]
    },
    {
      "Target": "Parameter",
      "Id": "GYJS",
      "Segments": [
        0,
        0,
        0,
        9,
        0
      ]
    },
    {
      "Target": "Parameter",
      "Id": "GYHZ",
      "Segments": [
        0,
        0,
        0,
        9,
        0
      ]
    },
    {
      "Target": "Parameter",
      "Id": "GYDX",
      "Segments": [
        0,
        0,
        0,
        9,
        0
      ]
    },
    {
      "Target": "Parameter",
      "Id": "GYZUOYOU",
      "Segments": [
        0,
        0,
        0,
        9,
        0
      ]
    },
    {
      "Target": "Parameter",
      "Id": "GYSHANGXIA",
      "Segments": [
        0,
        0,
        0,
        9,
        0
      ]
    },
    {
      "Target": "Parameter",
      "Id": "guangyunZQ",
      "Segments": [
        0,
        0,
        0,
        9,
        0
      ]
    },
    {
      "Target": "Parameter",
      "Id": "GYTMD",
      "Segments": [
        0,
        0,
        0,
        9,
        0
      ]
    },
    {
      "Target": "Parameter",
      "Id": "ParamBodyAngleY",
      "Segments": [
        0,
        0,
        0,
        9,
        0
      ]
    },
    {
      "Target": "Parameter",
      "Id": "YYjiashen",
      "Segments": [
        0,
        0,
        0,
        9,
        0
      ]
    },
    {
      "Target": "Parameter",
      "Id": "TYYTMD",
      "Segments": [
        0,
        1,
        0,
        9,
        1
      ]
    },
    {
      "Target": "Parameter",
      "Id": "fubu",
      "Segments": [
        0,
        0,
        0,
        9,
        0
      ]
    },
    {
      "Target": "Parameter",
      "Id": "zuodatuiBX",
      "Segments": [
        0,
        0,
        0,
        9,
        0
      ]
    },
    {
      "Target": "Parameter",
      "Id": "youdatuiBX",
      "Segments": [
        0,
        0,
        0,
        9,
        0
      ]
    },
    {
      "Target": "Parameter",
      "Id": "chizuiba",
      "Segments": [
        0,
        0,
        0,
        9,
        0
      ]
    },
    {
      "Target": "2935860712",
      "Id": "2935860712",
      "Segments": [
        0,
        1,
        0,
        9,
        1
      ]
    }
  ],
  "UserData": [
    {
      "Time": 8.5,
      "Value": ""
    }
  ]
}