{
  "Version": 3,
  "Meta": {
    "Duration": 7.0,
    "Fps": 30.0,
    "Loop": false,
    "AreBeziersRestricted": true,
    "CurveCount": 153,
    "TotalSegmentCount": 635,
    "TotalPointCount": 1790,
    "UserDataCount": 1,
    "TotalUserDataSize": 0
  },
  "Curves": [
    {
      "Target": "Model",
      "Id": "LipSync",
      "Segments": [
        0,
        0,
        2,
        0.067,
        0,
        1,
        0.111,
        0,
        0.156,
        0.835,
        0.2,
        0.835,
        1,
        0.222,
        0.835,
        0.245,
        0.753,
        0.267,
        0.753,
        1,
        0.289,
        0.753,
        0.311,
        0.831,
        0.333,
        0.831,
        1,
        0.466,
        0.831,
        0.6,
        0,
        0.733,
        0,
        2,
        1.333,
        0,
        1,
        1.378,
        0,
        1.422,
        0.675,
        1.467,
        0.675,
        1,
        1.511,
        0.675,
        1.556,
        0.227,
        1.6,
        0.227,
        1,
        1.622,
        0.227,
        1.645,
        0.341,
        1.667,
        0.341,
        1,
        1.689,
        0.341,
        1.711,
        0.114,
        1.733,
        0.114,
        1,
        1.755,
        0.114,
        1.778,
        0.698,
        1.8,
        0.698,
        1,
        1.822,
        0.698,
        1.845,
        0.173,
        1.867,
        0.173,
        1,
        1.889,
        0.173,
        1.911,
        0.471,
        1.933,
        0.471,
        1,
        2,
        0.471,
        2.066,
        0,
        2.133,
        0,
        1,
        2.2,
        0,
        2.266,
        0.024,
        2.333,
        0.024,
        1,
        2.4,
        0.024,
        2.466,
        0,
        2.533,
        0,
        2,
        2.667,
        0,
        1,
        2.734,
        0,
        2.8,
        0.875,
        2.867,
        0.875,
        1,
        2.889,
        0.875,
        2.911,
        0.71,
        2.933,
        0.71,
        1,
        2.955,
        0.71,
        2.978,
        0.784,
        3,
        0.784,
        1,
        3.022,
        0.784,
        3.045,
        0.153,
        3.067,
        0.153,
        1,
        3.089,
        0.153,
        3.111,
        0.969,
        3.133,
        0.969,
        1,
        3.155,
        0.969,
        3.178,
        0.592,
        3.2,
        0.592,
        1,
        3.244,
        0.592,
        3.289,
        0.667,
        3.333,
        0.667,
        1,
        3.378,
        0.667,
        3.422,
        0.322,
        3.467,
        0.322,
        1,
        3.489,
        0.322,
        3.511,
        0.867,
        3.533,
        0.867,
        1,
        3.555,
        0.867,
        3.578,
        0.008,
        3.6,
        0.008,
        1,
        3.622,
        0.008,
        3.645,
        0.255,
        3.667,
        0.255,
        1,
        3.734,
        0.255,
        3.8,
        0,
        3.867,
        0,
        2,
        4.6,
        0,
        1,
        4.644,
        0,
        4.689,
        0.718,
        4.733,
        0.718,
        1,
        4.755,
        0.718,
        4.778,
        0.271,
        4.8,
        0.271,
        1,
        4.822,
        0.271,
        4.845,
        0.765,
        4.867,
        0.765,
        1,
        4.889,
        0.765,
        4.911,
        0.255,
        4.933,
        0.255,
        1,
        4.955,
        0.255,
        4.978,
        0.796,
        5,
        0.796,
        1,
        5.089,
        0.796,
        5.178,
        0,
        5.267,
        0,
        2,
        5.6,
        0,
        1,
        5.644,
        0,
        5.689,
        0.851,
        5.733,
        0.851,
        1,
        5.755,
        0.851,
        5.778,
        0.016,
        5.8,
        0.016,
        1,
        5.844,
        0.016,
        5.889,
        0.702,
        5.933,
        0.702,
        1,
        5.955,
        0.702,
        5.978,
        0.584,
        6,
        0.584,
        1,
        6.022,
        0.584,
        6.045,
        0.635,
        6.067,
        0.635,
        1,
        6.089,
        0.635,
        6.111,
        0.235,
        6.133,
        0.235,
        1,
        6.155,
        0.235,
        6.178,
        0.796,
        6.2,
        0.796,
        1,
        6.222,
        0.796,
        6.245,
        0.016,
        6.267,
        0.016,
        1,
        6.289,
        0.016,
        6.311,
        0.835,
        6.333,
        0.835,
        1,
        6.355,
        0.835,
        6.378,
        0.071,
        6.4,
        0.071,
        1,
        6.444,
        0.071,
        6.489,
        0.725,
        6.533,
        0.725,
        1,
        6.555,
        0.725,
        6.578,
        0.098,
        6.6,
        0.098,
        1,
        6.644,
        0.098,
        6.689,
        0.816,
        6.733,
        0.816,
        1,
        6.822,
        0.816,
        6.911,
        0,
        7,
        0
      ]
    },
    {
      "Target": "Parameter",
      "Id": "ParamAngleX",
      "Segments": [
        0,
        0,
        2,
        1.133,
        0,
        1,
        1.6,
        0,
        2.066,
        -5,
        2.533,
        -5,
        1,
        3.255,
        -5,
        3.978,
        30,
        4.7,
        30,
        1,
        5.467,
        30,
        6.233,
        0,
        7,
        0
      ]
    },
    {
      "Target": "Parameter",
      "Id": "ParamAngleY",
      "Segments": [
        0,
        0,
        2,
        1.133,
        0,
        1,
        1.6,
        0,
        2.066,
        -19,
        2.533,
        -19,
        1,
        3.255,
        -19,
        3.978,
        0,
        4.7,
        0,
        2,
        7,
        0
      ]
    },
    {
      "Target": "Parameter",
      "Id": "ParamAngleZ",
      "Segments": [
        0,
        0,
        2,
        1.133,
        0,
        1,
        1.6,
        0,
        2.066,
        -17,
        2.533,
        -17,
        1,
        4.022,
        -17,
        5.511,
        0,
        7,
        0
      ]
    },
    {
      "Target": "Parameter",
      "Id": "ParamEyeLOpen",
      "Segments": [
        0,
        1,
        1,
        0.111,
        1,
        0.222,
        0.8,
        0.333,
        0.8,
        1,
        0.444,
        0.8,
        0.556,
        1.2,
        0.667,
        1.2,
        1,
        0.734,
        1.2,
        0.8,
        1.229,
        0.867,
        1,
        1,
        0.956,
        0.695,
        1.044,
        0,
        1.133,
        0,
        1,
        1.289,
        0,
        1.444,
        0.662,
        1.6,
        0.7,
        1,
        2.544,
        0.93,
        3.489,
        1,
        4.433,
        1,
        1,
        4.522,
        1,
        4.611,
        0,
        4.7,
        0,
        1,
        4.856,
        0,
        5.011,
        0.7,
        5.167,
        0.7,
        2,
        6.567,
        0.7,
        1,
        6.711,
        0.7,
        6.856,
        1,
        7,
        1
      ]
    },
    {
      "Target": "Parameter",
      "Id": "ParamEyeROpen",
      "Segments": [
        0,
        1,
        1,
        0.111,
        1,
        0.222,
        0.8,
        0.333,
        0.8,
        1,
        0.444,
        0.8,
        0.556,
        1.2,
        0.667,
        1.2,
        1,
        0.734,
        1.2,
        0.8,
        1.229,
        0.867,
        1,
        1,
        0.956,
        0.695,
        1.044,
        0,
        1.133,
        0,
        1,
        1.289,
        0,
        1.444,
        0.662,
        1.6,
        0.7,
        1,
        2.544,
        0.93,
        3.489,
        1,
        4.433,
        1,
        1,
        4.522,
        1,
        4.611,
        0,
        4.7,
        0,
        1,
        4.856,
        0,
        5.011,
        0.7,
        5.167,
        0.7,
        2,
        6.567,
        0.7,
        1,
        6.711,
        0.7,
        6.856,
        1,
        7,
        1
      ]
    },
    {
      "Target": "Parameter",
      "Id": "ParamEyeBallX",
      "Segments": [
        0,
        0,
        2,
        1.133,
        0,
        1,
        1.289,
        0,
        1.444,
        -1,
        1.6,
        -1,
        1,
        2.289,
        -1,
        2.978,
        -0.99,
        3.667,
        -0.9,
        1,
        3.989,
        -0.858,
        4.311,
        -0.64,
        4.633,
        -0.4,
        1,
        4.811,
        -0.267,
        4.989,
        0.6,
        5.167,
        0.6,
        1,
        5.445,
        0.6,
        5.722,
        0.48,
        6,
        0.3,
        1,
        6.333,
        0.084,
        6.667,
        0,
        7,
        0
      ]
    },
    {
      "Target": "Parameter",
      "Id": "ParamEyeBallY",
      "Segments": [
        0,
        0,
        2,
        1.133,
        0,
        1,
        1.289,
        0,
        1.444,
        -0.9,
        1.6,
        -0.9,
        1,
        2.289,
        -0.9,
        2.978,
        0,
        3.667,
        0,
        1,
        4.222,
        0,
        4.778,
        -0.5,
        5.333,
        -0.5,
        1,
        5.889,
        -0.5,
        6.444,
        0,
        7,
        0
      ]
    },
    {
      "Target": "Parameter",
      "Id": "mudaxiao",
      "Segments": [
        0,
        0,
        1,
        0.222,
        0,
        0.445,
        -0.4,
        0.667,
        -0.4,
        1,
        0.822,
        -0.4,
        0.978,
        0.2,
        1.133,
        0.2,
        1,
        3.089,
        0.2,
        5.044,
        0,
        7,
        0
      ]
    },
    {
      "Target": "Parameter",
      "Id": "TKDX",
      "Segments": [
        0,
        0,
        1,
        0.111,
        0,
        0.222,
        0.5,
        0.333,
        0.5,
        1,
        0.444,
        0.5,
        0.556,
        -1,
        0.667,
        -1,
        1,
        0.822,
        -1,
        0.978,
        1,
        1.133,
        1,
        1,
        1.289,
        1,
        1.444,
        -1,
        1.6,
        -1,
        1,
        1.722,
        -1,
        1.845,
        0.3,
        1.967,
        0.3,
        1,
        2.789,
        0.3,
        3.611,
        0,
        4.433,
        0,
        1,
        4.522,
        0,
        4.611,
        1,
        4.7,
        1,
        1,
        4.856,
        1,
        5.011,
        -1,
        5.167,
        -1,
        1,
        5.334,
        -1,
        5.5,
        0.095,
        5.667,
        0.4,
        1,
        5.967,
        0.949,
        6.267,
        1,
        6.567,
        1,
        1,
        6.711,
        1,
        6.856,
        0,
        7,
        0
      ]
    },
    {
      "Target": "Parameter",
      "Id": "GGDONGHUA",
      "Segments": [
        0,
        0,
        1,
        0.189,
        0,
        0.378,
        1,
        0.567,
        1,
        1,
        0.745,
        1,
        0.922,
        0,
        1.1,
        0,
        1,
        1.167,
        0,
        1.233,
        1,
        1.3,
        1,
        1,
        1.356,
        1,
        1.411,
        0,
        1.467,
        0,
        1,
        1.534,
        0,
        1.6,
        0.798,
        1.667,
        0.798,
        1,
        1.711,
        0.798,
        1.756,
        0,
        1.8,
        0,
        1,
        1.867,
        0,
        1.933,
        0.551,
        2,
        0.551,
        1,
        2.056,
        0.551,
        2.111,
        0,
        2.167,
        0,
        1,
        2.389,
        0,
        2.611,
        0.6,
        2.833,
        0.6,
        1,
        3.033,
        0.6,
        3.233,
        0,
        3.433,
        0,
        1,
        3.655,
        0,
        3.878,
        0.6,
        4.1,
        0.6,
        1,
        4.311,
        0.6,
        4.522,
        0,
        4.733,
        0,
        1,
        4.8,
        0,
        4.866,
        1,
        4.933,
        1,
        1,
        4.989,
        1,
        5.044,
        0,
        5.1,
        0,
        1,
        5.167,
        0,
        5.233,
        0.798,
        5.3,
        0.798,
        1,
        5.344,
        0.798,
        5.389,
        0,
        5.433,
        0,
        1,
        5.5,
        0,
        5.566,
        0.551,
        5.633,
        0.551,
        1,
        5.689,
        0.551,
        5.744,
        0,
        5.8,
        0,
        1,
        6.022,
        0,
        6.245,
        0.5,
        6.467,
        0.5,
        1,
        6.645,
        0.5,
        6.822,
        0,
        7,
        0
      ]
    },
    {
      "Target": "Parameter",
      "Id": "erhuanYB",
      "Segments": [
        0,
        0,
        1,
        0.422,
        0,
        0.845,
        -1,
        1.267,
        -1,
        1,
        1.834,
        -1,
        2.4,
        0.159,
        2.967,
        0.159,
        1,
        3.667,
        0.159,
        4.367,
        -1,
        5.067,
        -1,
        1,
        5.711,
        -1,
        6.356,
        0,
        7,
        0
      ]
    },
    {
      "Target": "Parameter",
      "Id": "ParamBrowLY",
      "Segments": [
        0,
        0,
        1,
        0.111,
        0,
        0.222,
        -1,
        0.333,
        -1,
        1,
        0.444,
        -1,
        0.556,
        1,
        0.667,
        1,
        1,
        0.822,
        1,
        0.978,
        0.667,
        1.133,
        0,
        1,
        1.289,
        -0.667,
        1.444,
        -1,
        1.6,
        -1,
        1,
        3.4,
        -1,
        5.2,
        0,
        7,
        0
      ]
    },
    {
      "Target": "Parameter",
      "Id": "ParamBrowRY",
      "Segments": [
        0,
        0,
        1,
        0.111,
        0,
        0.222,
        -1,
        0.333,
        -1,
        1,
        0.444,
        -1,
        0.556,
        1,
        0.667,
        1,
        1,
        0.822,
        1,
        0.978,
        0.667,
        1.133,
        0,
        1,
        1.289,
        -0.667,
        1.444,
        -1,
        1.6,
        -1,
        1,
        3.4,
        -1,
        5.2,
        0,
        7,
        0
      ]
    },
    {
      "Target": "Parameter",
      "Id": "ParamMouthForm",
      "Segments": [
        0,
        -0.8,
        2,
        0.8,
        -0.8,
        1,
        0.922,
        -0.8,
        1.045,
        -1,
        1.167,
        -1,
        1,
        2.056,
        -1,
        2.944,
        -0.793,
        3.833,
        0,
        1,
        4.089,
        0.228,
        4.344,
        1,
        4.6,
        1,
        2,
        6.467,
        1,
        1,
        6.645,
        1,
        6.822,
        0,
        7,
        0
      ]
    },
    {
      "Target": "Parameter",
      "Id": "ParamBodyAngleY1",
      "Segments": [
        0,
        0,
        1,
        0.656,
        0,
        1.311,
        3,
        1.967,
        3,
        1,
        2.411,
        3,
        2.856,
        -4,
        3.3,
        -4,
        1,
        4.533,
        -4,
        5.767,
        0,
        7,
        0
      ]
    },
    {
      "Target": "Parameter",
      "Id": "xiashenX",
      "Segments": [
        0,
        0,
        2,
        1.833,
        0,
        1,
        2.055,
        0,
        2.278,
        -1,
        2.5,
        -1,
        1,
        2.767,
        -1,
        3.033,
        1,
        3.3,
        1,
        1,
        3.589,
        1,
        3.878,
        -1,
        4.167,
        -1,
        1,
        5.111,
        -1,
        6.056,
        0,
        7,
        0
      ]
    },
    {
      "Target": "Parameter",
      "Id": "XIASHENY",
      "Segments": [
        0,
        0,
        1,
        0.278,
        0,
        0.555,
        -0.739,
        0.833,
        -0.739,
        1,
        1.311,
        -0.739,
        1.789,
        1,
        2.267,
        1,
        1,
        2.689,
        1,
        3.111,
        -0.5,
        3.533,
        -0.5,
        1,
        3.889,
        -0.5,
        4.244,
        0.4,
        4.6,
        0.4,
        1,
        4.978,
        0.4,
        5.355,
        -0.2,
        5.733,
        -0.2,
        1,
        6.155,
        -0.2,
        6.578,
        0,
        7,
        0
      ]
    },
    {
      "Target": "Parameter",
      "Id": "ParamBodyAngleZ",
      "Segments": [
        0,
        0,
        1,
        0.611,
        0,
        1.222,
        6,
        1.833,
        6,
        1,
        2.389,
        6,
        2.944,
        4.462,
        3.5,
        0,
        1,
        4.011,
        -3.963,
        4.522,
        -4,
        5.033,
        -4,
        1,
        5.433,
        -4,
        5.833,
        6,
        6.233,
        6,
        1,
        6.489,
        6,
        6.744,
        0,
        7,
        0
      ]
    },
    {
      "Target": "Parameter",
      "Id": "XSX",
      "Segments": [
        0,
        0,
        0,
        7,
        -0.023
      ]
    },
    {
      "Target": "Parameter",
      "Id": "XDYB",
      "Segments": [
        0,
        -0.002,
        1,
        0.256,
        -0.002,
        0.511,
        -0.439,
        0.767,
        -0.439,
        1,
        1.122,
        -0.439,
        1.478,
        0.258,
        1.833,
        0.258,
        1,
        2.233,
        0.258,
        2.633,
        -0.369,
        3.033,
        -0.369,
        1,
        3.444,
        -0.369,
        3.856,
        0.286,
        4.267,
        0.286,
        1,
        4.667,
        0.286,
        5.067,
        -0.296,
        5.467,
        -0.296,
        1,
        5.756,
        -0.296,
        6.044,
        0.211,
        6.333,
        0.211,
        1,
        6.555,
        0.211,
        6.778,
        -0.002,
        7,
        -0.002
      ]
    },
    {
      "Target": "Parameter",
      "Id": "XDBX",
      "Segments": [
        0,
        0,
        2,
        0.033,
        0,
        1,
        0.166,
        0,
        0.3,
        0.153,
        0.433,
        0.153,
        1,
        0.555,
        0.153,
        0.678,
        0.039,
        0.8,
        0.039,
        1,
        0.911,
        0.039,
        1.022,
        0.067,
        1.133,
        0.067,
        1,
        1.411,
        0.067,
        1.689,
        -0.034,
        1.967,
        -0.034,
        1,
        2.034,
        -0.034,
        2.1,
        -0.03,
        2.167,
        -0.03,
        1,
        2.367,
        -0.03,
        2.567,
        -0.074,
        2.767,
        -0.074,
        1,
        2.889,
        -0.074,
        3.011,
        -0.067,
        3.133,
        -0.067,
        1,
        3.155,
        -0.067,
        3.178,
        -0.068,
        3.2,
        -0.068,
        2,
        3.267,
        -0.068,
        2,
        3.333,
        -0.068,
        2,
        3.367,
        -0.068,
        2,
        3.4,
        -0.068,
        1,
        3.444,
        -0.068,
        3.489,
        -0.067,
        3.533,
        -0.067,
        1,
        3.578,
        -0.067,
        3.622,
        -0.152,
        3.667,
        -0.152,
        1,
        3.789,
        -0.152,
        3.911,
        0.032,
        4.033,
        0.032,
        1,
        4.155,
        0.032,
        4.278,
        -0.022,
        4.4,
        -0.022,
        1,
        4.544,
        -0.022,
        4.689,
        0.009,
        4.833,
        0.009,
        1,
        4.911,
        0.009,
        4.989,
        0.004,
        5.067,
        0.004,
        1,
        5.2,
        0.004,
        5.334,
        0.262,
        5.467,
        0.262,
        1,
        5.834,
        0.262,
        6.2,
        -0.297,
        6.567,
        -0.297,
        1,
        6.711,
        -0.297,
        6.856,
        0.101,
        7,
        0.101
      ]
    },
    {
      "Target": "Parameter",
      "Id": "ZXZY",
      "Segments": [
        0,
        0,
        0,
        7,
        -0.022
      ]
    },
    {
      "Target": "Parameter",
      "Id": "ZXSBX",
      "Segments": [
        0,
        0,
        1,
        0.289,
        0,
        0.578,
        1,
        0.867,
        1,
        1,
        1.134,
        1,
        1.4,
        0.653,
        1.667,
        0,
        1,
        1.945,
        -0.68,
        2.222,
        -1,
        2.5,
        -1,
        1,
        2.8,
        -1,
        3.1,
        -0.667,
        3.4,
        0,
        1,
        3.7,
        0.667,
        4,
        1,
        4.3,
        1,
        1,
        4.567,
        1,
        4.833,
        0.667,
        5.1,
        0,
        1,
        5.367,
        -0.667,
        5.633,
        -1,
        5.9,
        -1,
        1,
        6.267,
        -1,
        6.633,
        0,
        7,
        0
      ]
    },
    {
      "Target": "Parameter",
      "Id": "ZXSDX",
      "Segments": [
        0,
        0,
        1,
        0.289,
        0,
        0.578,
        -0.154,
        0.867,
        -0.5,
        1,
        1.134,
        -0.819,
        1.4,
        -1,
        1.667,
        -1,
        1,
        1.945,
        -1,
        2.222,
        -0.82,
        2.5,
        -0.5,
        1,
        2.8,
        -0.154,
        3.1,
        0,
        3.4,
        0,
        1,
        3.7,
        0,
        4,
        -0.148,
        4.3,
        -0.5,
        1,
        4.567,
        -0.813,
        4.833,
        -1,
        5.1,
        -1,
        1,
        5.367,
        -1,
        5.633,
        -0.774,
        5.9,
        -0.5,
        1,
        6.267,
        -0.123,
        6.633,
        0,
        7,
        0
      ]
    },
    {
      "Target": "Parameter",
      "Id": "YXZY",
      "Segments": [
        0,
        0,
        0,
        7,
        0.011
      ]
    },
    {
      "Target": "Parameter",
      "Id": "YXSBX",
      "Segments": [
        0,
        0,
        1,
        0.289,
        0,
        0.578,
        0.6,
        0.867,
        0.6,
        1,
        1.134,
        0.6,
        1.4,
        0.495,
        1.667,
        0,
        1,
        1.945,
        -0.515,
        2.222,
        -1,
        2.5,
        -1,
        1,
        2.8,
        -1,
        3.1,
        -0.667,
        3.4,
        0,
        1,
        3.7,
        0.667,
        4,
        1,
        4.3,
        1,
        1,
        4.567,
        1,
        4.833,
        0.5,
        5.1,
        0,
        1,
        5.367,
        -0.5,
        5.633,
        -0.6,
        5.9,
        -0.6,
        1,
        6.267,
        -0.6,
        6.633,
        0,
        7,
        0
      ]
    },
    {
      "Target": "Parameter",
      "Id": "YXSDX",
      "Segments": [
        0,
        0,
        1,
        0.289,
        0,
        0.578,
        -0.309,
        0.867,
        -0.63,
        1,
        1.134,
        -0.926,
        1.4,
        -0.984,
        1.667,
        -0.984,
        1,
        1.945,
        -0.984,
        2.222,
        -0.815,
        2.5,
        -0.5,
        1,
        2.8,
        -0.16,
        3.1,
        0,
        3.4,
        0,
        1,
        3.7,
        0,
        4,
        -0.153,
        4.3,
        -0.5,
        1,
        4.567,
        -0.808,
        4.833,
        -0.984,
        5.1,
        -0.984,
        1,
        5.367,
        -0.984,
        5.633,
        -0.465,
        5.9,
        -0.274,
        1,
        6.267,
        -0.012,
        6.633,
        0,
        7,
        0
      ]
    },
    {
      "Target": "Parameter",
      "Id": "ParamBreath",
      "Segments": [
        0,
        0,
        1,
        0.378,
        0,
        0.755,
        1,
        1.133,
        1,
        1,
        1.889,
        1,
        2.644,
        0,
        3.4,
        0,
        1,
        3.778,
        0,
        4.155,
        1,
        4.533,
        1,
        1,
        5.355,
        1,
        6.178,
        0,
        7,
        0
      ]
    },
    {
      "Target": "Parameter",
      "Id": "ParamHairFront",
      "Segments": [
        0,
        0,
        2,
        0.033,
        0,
        1,
        0.166,
        0,
        0.3,
        0.025,
        0.433,
        0.025,
        1,
        1.144,
        0.025,
        1.856,
        -0.016,
        2.567,
        -0.016,
        2,
        2.6,
        -0.016,
        2,
        2.633,
        -0.016,
        1,
        3.022,
        -0.016,
        3.411,
        0.003,
        3.8,
        0.003,
        1,
        3.911,
        0.003,
        4.022,
        0,
        4.133,
        0,
        1,
        4.378,
        0,
        4.622,
        0.007,
        4.867,
        0.007,
        1,
        4.956,
        0.007,
        5.044,
        0.006,
        5.133,
        0.006,
        1,
        5.266,
        0.006,
        5.4,
        0.007,
        5.533,
        0.007,
        1,
        6.022,
        0.007,
        6.511,
        -0.004,
        7,
        -0.004
      ]
    },
    {
      "Target": "Parameter",
      "Id": "qianfaBX",
      "Segments": [
        0,
        0,
        2,
        1.167,
        0,
        1,
        1.334,
        0,
        1.5,
        0.036,
        1.667,
        0.036,
        1,
        1.811,
        0.036,
        1.956,
        -0.005,
        2.1,
        -0.005,
        1,
        2.2,
        -0.005,
        2.3,
        0.003,
        2.4,
        0.003,
        1,
        2.578,
        0.003,
        2.755,
        -0.011,
        2.933,
        -0.011,
        2,
        3.2,
        -0.011,
        2,
        3.4,
        -0.011,
        2,
        3.433,
        -0.011,
        2,
        3.467,
        -0.011,
        2,
        3.5,
        -0.011,
        1,
        3.533,
        -0.011,
        3.567,
        -0.013,
        3.6,
        -0.013,
        2,
        3.633,
        -0.013,
        2,
        3.667,
        -0.013,
        1,
        4.078,
        -0.013,
        4.489,
        0.006,
        4.9,
        0.006,
        1,
        4.978,
        0.006,
        5.055,
        0.005,
        5.133,
        0.005,
        1,
        5.289,
        0.005,
        5.444,
        0.007,
        5.6,
        0.007,
        2,
        5.667,
        0.007,
        2,
        5.7,
        0.007,
        1,
        6.1,
        0.007,
        6.5,
        -0.002,
        6.9,
        -0.002,
        1,
        6.933,
        -0.002,
        6.967,
        0,
        7,
        0
      ]
    },
    {
      "Target": "Parameter",
      "Id": "ParamHairSide",
      "Segments": [
        0,
        0,
        1,
        0.156,
        0,
        0.311,
        0.414,
        0.467,
        0.414,
        1,
        0.722,
        0.414,
        0.978,
        -0.405,
        1.233,
        -0.405,
        1,
        1.533,
        -0.405,
        1.833,
        0.414,
        2.133,
        0.414,
        1,
        2.411,
        0.414,
        2.689,
        -0.405,
        2.967,
        -0.405,
        1,
        3.267,
        -0.405,
        3.567,
        0.331,
        3.867,
        0.331,
        1,
        4.145,
        0.331,
        4.422,
        -0.303,
        4.7,
        -0.303,
        1,
        5.022,
        -0.303,
        5.345,
        0.268,
        5.667,
        0.268,
        1,
        5.922,
        0.268,
        6.178,
        -0.232,
        6.433,
        -0.232,
        1,
        6.622,
        -0.232,
        6.811,
        0,
        7,
        0
      ]
    },
    {
      "Target": "Parameter",
      "Id": "ParamHairBack",
      "Segments": [
        0,
        0,
        2,
        0.033,
        0,
        1,
        0.222,
        0,
        0.411,
        -0.011,
        0.6,
        -0.011,
        1,
        0.778,
        -0.011,
        0.955,
        0.007,
        1.133,
        0.007,
        1,
        1.311,
        0.007,
        1.489,
        0.002,
        1.667,
        0.002,
        2,
        1.9,
        0.002,
        1,
        2.356,
        0.002,
        2.811,
        -0.006,
        3.267,
        -0.006,
        1,
        3.434,
        -0.006,
        3.6,
        -0.003,
        3.767,
        -0.003,
        1,
        3.889,
        -0.003,
        4.011,
        -0.005,
        4.133,
        -0.005,
        1,
        4.711,
        -0.005,
        5.289,
        0.006,
        5.867,
        0.006,
        1,
        6.245,
        0.006,
        6.622,
        -0.002,
        7,
        -0.002
      ]
    },
    {
      "Target": "Parameter",
      "Id": "ZSBX",
      "Segments": [
        0,
        0,
        1,
        0.311,
        0,
        0.622,
        0.104,
        0.933,
        0.104,
        1,
        1.589,
        0.104,
        2.244,
        0,
        2.9,
        0,
        2,
        7,
        0
      ]
    },
    {
      "Target": "Parameter",
      "Id": "ZXBXZ",
      "Segments": [
        0,
        0,
        1,
        0.233,
        0,
        0.467,
        2,
        0.7,
        2,
        1,
        0.833,
        2,
        0.967,
        0.681,
        1.1,
        0,
        1,
        1.278,
        -0.908,
        1.455,
        -1,
        1.633,
        -1,
        1,
        2.055,
        -1,
        2.478,
        -0.743,
        2.9,
        0,
        1,
        3.222,
        0.567,
        3.545,
        1,
        3.867,
        1,
        1,
        4.089,
        1,
        4.311,
        0.391,
        4.533,
        0,
        1,
        4.989,
        -0.801,
        5.444,
        -1,
        5.9,
        -1,
        1,
        6.267,
        -1,
        6.633,
        0,
        7,
        0
      ]
    },
    {
      "Target": "Parameter",
      "Id": "ZXBX",
      "Segments": [
        0,
        0,
        1,
        0.467,
        0,
        0.933,
        0.3,
        1.4,
        0.3,
        1,
        1.9,
        0.3,
        2.4,
        0,
        2.9,
        0,
        2,
        7,
        0
      ]
    },
    {
      "Target": "Parameter",
      "Id": "ZSXZ",
      "Segments": [
        0,
        0,
        1,
        0.278,
        0,
        0.555,
        -0.3,
        0.833,
        -0.3,
        1,
        1.155,
        -0.3,
        1.478,
        0.5,
        1.8,
        0.5,
        1,
        2.167,
        0.5,
        2.533,
        0,
        2.9,
        0,
        2,
        7,
        0
      ]
    },
    {
      "Target": "Parameter",
      "Id": "zuoshouX",
      "Segments": [
        0,
        -1,
        2,
        0.467,
        -1,
        1,
        0.778,
        -1,
        1.089,
        1,
        1.4,
        1,
        1,
        1.767,
        1,
        2.133,
        -0.5,
        2.5,
        -0.5,
        1,
        2.633,
        -0.5,
        2.767,
        0,
        2.9,
        0,
        2,
        7,
        0
      ]
    },
    {
      "Target": "Parameter",
      "Id": "ZSZ01",
      "Segments": [
        0,
        0,
        1,
        0.156,
        0,
        0.311,
        -0.5,
        0.467,
        -0.5,
        1,
        0.789,
        -0.5,
        1.111,
        1,
        1.433,
        1,
        1,
        1.922,
        1,
        2.411,
        0.462,
        2.9,
        0,
        1,
        3.367,
        -0.441,
        3.833,
        -0.5,
        4.3,
        -0.5,
        1,
        4.667,
        -0.5,
        5.033,
        0.5,
        5.4,
        0.5,
        1,
        5.933,
        0.5,
        6.467,
        0,
        7,
        0
      ]
    },
    {
      "Target": "Parameter",
      "Id": "ZSZ02",
      "Segments": [
        0,
        0,
        1,
        0.178,
        0,
        0.355,
        -0.5,
        0.533,
        -0.5,
        1,
        0.866,
        -0.5,
        1.2,
        1,
        1.533,
        1,
        1,
        1.989,
        1,
        2.444,
        0.454,
        2.9,
        0,
        1,
        3.344,
        -0.443,
        3.789,
        -0.5,
        4.233,
        -0.5,
        1,
        4.655,
        -0.5,
        5.078,
        0.6,
        5.5,
        0.6,
        1,
        6,
        0.6,
        6.5,
        0,
        7,
        0
      ]
    },
    {
      "Target": "Parameter",
      "Id": "ZSZ03",
      "Segments": [
        0,
        0,
        1,
        0.211,
        0,
        0.422,
        -0.6,
        0.633,
        -0.6,
        1,
        0.955,
        -0.6,
        1.278,
        1,
        1.6,
        1,
        1,
        2.033,
        1,
        2.467,
        0.474,
        2.9,
        0,
        1,
        3.3,
        -0.438,
        3.7,
        -0.5,
        4.1,
        -0.5,
        1,
        4.611,
        -0.5,
        5.122,
        0.6,
        5.633,
        0.6,
        1,
        6.089,
        0.6,
        6.544,
        0,
        7,
        0
      ]
    },
    {
      "Target": "Parameter",
      "Id": "ZSZ04",
      "Segments": [
        0,
        0,
        1,
        0.244,
        0,
        0.489,
        -0.6,
        0.733,
        -0.6,
        1,
        1.044,
        -0.6,
        1.356,
        1,
        1.667,
        1,
        1,
        2.078,
        1,
        2.489,
        0.51,
        2.9,
        0,
        1,
        3.244,
        -0.427,
        3.589,
        -0.5,
        3.933,
        -0.5,
        1,
        4.533,
        -0.5,
        5.133,
        1,
        5.733,
        1,
        1,
        6.155,
        1,
        6.578,
        0,
        7,
        0
      ]
    },
    {
      "Target": "Parameter",
      "Id": "YBXZ",
      "Segments": [
        0,
        0,
        1,
        0.211,
        0,
        0.422,
        7,
        0.633,
        7,
        1,
        0.978,
        7,
        1.322,
        3.82,
        1.667,
        3.82,
        1,
        2.622,
        3.82,
        3.578,
        7,
        4.533,
        7,
        1,
        4.933,
        7,
        5.333,
        0,
        5.733,
        0,
        1,
        6.044,
        0,
        6.356,
        0.994,
        6.667,
        0.994,
        1,
        6.778,
        0.994,
        6.889,
        0,
        7,
        0
      ]
    },
    {
      "Target": "Parameter",
      "Id": "YXBXZ",
      "Segments": [
        0,
        0,
        2,
        0.933,
        0,
        2,
        4.533,
        0,
        2,
        5.733,
        0,
        1,
        5.878,
        0,
        6.022,
        -0.595,
        6.167,
        -0.595,
        1,
        6.445,
        -0.595,
        6.722,
        0,
        7,
        0
      ]
    },
    {
      "Target": "Parameter",
      "Id": "YXBX",
      "Segments": [
        0,
        0,
        1,
        0.211,
        0,
        0.422,
        0.78,
        0.633,
        0.9,
        1,
        0.844,
        1.02,
        1.056,
        1,
        1.267,
        1,
        1,
        1.578,
        1,
        1.889,
        0.7,
        2.2,
        0.7,
        1,
        2.622,
        0.7,
        3.045,
        1,
        3.467,
        1,
        1,
        3.945,
        1,
        4.422,
        0,
        4.9,
        0,
        2,
        5.733,
        0,
        2,
        7,
        0
      ]
    },
    {
      "Target": "Parameter",
      "Id": "YSXZ",
      "Segments": [
        0,
        0,
        2,
        1.267,
        0,
        2,
        4.533,
        0,
        1,
        4.933,
        0,
        5.333,
        1,
        5.733,
        1,
        1,
        5.966,
        1,
        6.2,
        -0.17,
        6.433,
        -0.17,
        1,
        6.622,
        -0.17,
        6.811,
        0,
        7,
        0
      ]
    },
    {
      "Target": "Parameter",
      "Id": "youshouY",
      "Segments": [
        0,
        0,
        2,
        0.633,
        0,
        2,
        4.533,
        0,
        2,
        5.733,
        0,
        1,
        6,
        0,
        6.266,
        1,
        6.533,
        1,
        1,
        6.689,
        1,
        6.844,
        0,
        7,
        0
      ]
    },
    {
      "Target": "Parameter",
      "Id": "YSZ1",
      "Segments": [
        0,
        0,
        1,
        0.211,
        0,
        0.422,
        1,
        0.633,
        1,
        1,
        0.9,
        1,
        1.166,
        0,
        1.433,
        0,
        1,
        2.466,
        0,
        3.5,
        1,
        4.533,
        1,
        1,
        4.933,
        1,
        5.333,
        0,
        5.733,
        0,
        2,
        7,
        0
      ]
    },
    {
      "Target": "Parameter",
      "Id": "YSZ2",
      "Segments": [
        0,
        0,
        1,
        0.211,
        0,
        0.422,
        1,
        0.633,
        1,
        1,
        0.878,
        1,
        1.122,
        0.2,
        1.367,
        0.2,
        1,
        2.422,
        0.2,
        3.478,
        0.9,
        4.533,
        0.9,
        1,
        4.933,
        0.9,
        5.333,
        0,
        5.733,
        0,
        2,
        7,
        0
      ]
    },
    {
      "Target": "Parameter",
      "Id": "YSZ3",
      "Segments": [
        0,
        0,
        1,
        0.211,
        0,
        0.422,
        0.7,
        0.633,
        0.7,
        1,
        0.855,
        0.7,
        1.078,
        0,
        1.3,
        0,
        1,
        2.378,
        0,
        3.455,
        0.7,
        4.533,
        0.7,
        1,
        4.933,
        0.7,
        5.333,
        0,
        5.733,
        0,
        2,
        7,
        0
      ]
    },
    {
      "Target": "Parameter",
      "Id": "YSZ4",
      "Segments": [
        0,
        0,
        1,
        0.211,
        0,
        0.422,
        0.5,
        0.633,
        0.5,
        1,
        0.844,
        0.5,
        1.056,
        0,
        1.267,
        0,
        1,
        2.356,
        0,
        3.444,
        0.5,
        4.533,
        0.5,
        1,
        4.933,
        0.5,
        5.333,
        0,
        5.733,
        0,
        1,
        5.911,
        0,
        6.089,
        0.2,
        6.267,
        0.2,
        1,
        6.511,
        0.2,
        6.756,
        0,
        7,
        0
      ]
    },
    {
      "Target": "Parameter",
      "Id": "YSZ5",
      "Segments": [
        0,
        0,
        1,
        0.211,
        0,
        0.422,
        -0.5,
        0.633,
        -0.5,
        1,
        0.822,
        -0.5,
        1.011,
        0,
        1.2,
        0,
        1,
        2.311,
        0,
        3.422,
        -0.5,
        4.533,
        -0.5,
        1,
        4.933,
        -0.5,
        5.333,
        -0.364,
        5.733,
        0,
        1,
        5.811,
        0.071,
        5.889,
        0.2,
        5.967,
        0.2,
        1,
        6.311,
        0.2,
        6.656,
        0,
        7,
        0
      ]
    },
    {
      "Target": "Parameter",
      "Id": "YSSZTC",
      "Segments": [
        0,
        0,
        2,
        0.233,
        0,
        1,
        0.244,
        0,
        0.256,
        1,
        0.267,
        1,
        2,
        5.5,
        1,
        1,
        5.578,
        1,
        5.655,
        0,
        5.733,
        0,
        2,
        7,
        0
      ]
    },
    {
      "Target": "Parameter",
      "Id": "YSZTC",
      "Segments": [
        0,
        0,
        2,
        0.233,
        0,
        1,
        0.244,
        0,
        0.256,
        1,
        0.267,
        1,
        2,
        5.5,
        1,
        1,
        5.578,
        1,
        5.655,
        0,
        5.733,
        0,
        2,
        7,
        0
      ]
    },
    {
      "Target": "Parameter",
      "Id": "ZTXZ",
      "Segments": [
        0,
        0,
        1,
        0.4,
        0,
        0.8,
        5,
        1.2,
        5,
        1,
        1.678,
        5,
        2.155,
        -2,
        2.633,
        -2,
        2,
        4.533,
        -2,
        1,
        4.955,
        -2,
        5.378,
        1,
        5.8,
        1,
        1,
        6.2,
        1,
        6.6,
        0,
        7,
        0
      ]
    },
    {
      "Target": "Parameter",
      "Id": "ZXTXZ",
      "Segments": [
        0,
        0,
        1,
        0.322,
        0,
        0.645,
        -2.037,
        0.967,
        -2.037,
        1,
        1.522,
        -2.037,
        2.078,
        6,
        2.633,
        6,
        1,
        2.955,
        6,
        3.278,
        3.429,
        3.6,
        3.429,
        1,
        3.911,
        3.429,
        4.222,
        6,
        4.533,
        6,
        1,
        5.355,
        6,
        6.178,
        0,
        7,
        0
      ]
    },
    {
      "Target": "Parameter",
      "Id": "ZJXZ",
      "Segments": [
        0,
        0,
        1,
        0.2,
        0,
        0.4,
        -0.25,
        0.6,
        -0.25,
        1,
        1.533,
        -0.25,
        2.467,
        0,
        3.4,
        0,
        1,
        3.778,
        0,
        4.155,
        -0.6,
        4.533,
        -0.6,
        1,
        5.355,
        -0.6,
        6.178,
        0,
        7,
        0
      ]
    },
    {
      "Target": "Parameter",
      "Id": "ZTXQM",
      "Segments": [
        0,
        0,
        2,
        0.767,
        0,
        1,
        1.178,
        0,
        1.589,
        1,
        2,
        1,
        1,
        2.856,
        1,
        3.711,
        0,
        4.567,
        0,
        1,
        5.034,
        0,
        5.5,
        1,
        5.967,
        1,
        1,
        6.311,
        1,
        6.656,
        0,
        7,
        0
      ]
    },
    {
      "Target": "Parameter",
      "Id": "zuojiaoTX",
      "Segments": [
        0,
        1,
        1,
        0.256,
        1,
        0.511,
        0,
        0.767,
        0,
        1,
        1.389,
        0,
        2.011,
        1,
        2.633,
        1,
        1,
        3.322,
        1,
        4.011,
        0,
        4.7,
        0,
        1,
        5.467,
        0,
        6.233,
        1,
        7,
        1
      ]
    },
    {
      "Target": "Parameter",
      "Id": "YTXZ",
      "Segments": [
        0,
        0,
        1,
        0.278,
        0,
        0.555,
        9,
        0.833,
        9,
        1,
        1.311,
        9,
        1.789,
        5.486,
        2.267,
        3,
        1,
        2.645,
        1.034,
        3.022,
        1,
        3.4,
        1,
        1,
        3.778,
        1,
        4.155,
        2,
        4.533,
        2,
        1,
        5.355,
        2,
        6.178,
        0,
        7,
        0
      ]
    },
    {
      "Target": "Parameter",
      "Id": "YXTXZ",
      "Segments": [
        0,
        0,
        1,
        0.278,
        0,
        0.555,
        -3,
        0.833,
        -3,
        1,
        1.311,
        -3,
        1.789,
        8,
        2.267,
        8,
        2,
        4.533,
        8,
        1,
        5.355,
        8,
        6.178,
        0,
        7,
        0
      ]
    },
    {
      "Target": "Parameter",
      "Id": "YJXZ",
      "Segments": [
        0,
        0,
        1,
        0.178,
        0,
        0.355,
        -0.6,
        0.533,
        -0.6,
        1,
        1.144,
        -0.6,
        1.756,
        0,
        2.367,
        0,
        1,
        3.256,
        0,
        4.144,
        -1,
        5.033,
        -1,
        1,
        5.689,
        -1,
        6.344,
        0,
        7,
        0
      ]
    },
    {
      "Target": "Parameter",
      "Id": "shufanye",
      "Segments": [
        0,
        0,
        1,
        0.178,
        0,
        0.355,
        0.5,
        0.533,
        0.5,
        1,
        1.1,
        0.5,
        1.666,
        0,
        2.233,
        0,
        1,
        2.666,
        0,
        3.1,
        0.304,
        3.533,
        0.304,
        1,
        3.922,
        0.304,
        4.311,
        0,
        4.7,
        0,
        1,
        5.133,
        0,
        5.567,
        0.5,
        6,
        0.5,
        1,
        6.333,
        0.5,
        6.667,
        0,
        7,
        0
      ]
    },
    {
      "Target": "Parameter",
      "Id": "shuqianPD",
      "Segments": [
        0,
        0,
        1,
        0.378,
        0,
        0.755,
        -1,
        1.133,
        -1,
        1,
        1.511,
        -1,
        1.889,
        1,
        2.267,
        1,
        1,
        2.645,
        1,
        3.022,
        -0.581,
        3.4,
        -0.581,
        1,
        3.778,
        -0.581,
        4.155,
        1,
        4.533,
        1,
        1,
        4.922,
        1,
        5.311,
        -1,
        5.7,
        -1,
        1,
        6.133,
        -1,
        6.567,
        0,
        7,
        0
      ]
    },
    {
      "Target": "Parameter",
      "Id": "shiwuhe",
      "Segments": [
        0,
        0,
        1,
        0.378,
        0,
        0.755,
        -1,
        1.133,
        -1,
        1,
        1.889,
        -1,
        2.644,
        1,
        3.4,
        1,
        1,
        4.167,
        1,
        4.933,
        -1,
        5.7,
        -1,
        1,
        6.133,
        -1,
        6.567,
        0,
        7,
        0
      ]
    },
    {
      "Target": "Parameter",
      "Id": "SWHBZ",
      "Segments": [
        0,
        0,
        1,
        0.178,
        0,
        0.355,
        0.277,
        0.533,
        0.277,
        1,
        1.111,
        0.277,
        1.689,
        -0.381,
        2.267,
        -0.381,
        1,
        3.022,
        -0.381,
        3.778,
        0.237,
        4.533,
        0.237,
        1,
        5.111,
        0.237,
        5.689,
        -0.1,
        6.267,
        -0.1,
        1,
        6.511,
        -0.1,
        6.756,
        0,
        7,
        0
      ]
    },
    {
      "Target": "Parameter",
      "Id": "PCDYB",
      "Segments": [
        0,
        0,
        1,
        0.233,
        0,
        0.467,
        -1,
        0.7,
        -1,
        1,
        1.067,
        -1,
        1.433,
        1,
        1.8,
        1,
        1,
        2.178,
        1,
        2.555,
        -1,
        2.933,
        -1,
        1,
        3.289,
        -1,
        3.644,
        1,
        4,
        1,
        1,
        4.4,
        1,
        4.8,
        -1,
        5.2,
        -1,
        1,
        5.556,
        -1,
        5.911,
        0.6,
        6.267,
        0.6,
        1,
        6.511,
        0.6,
        6.756,
        0,
        7,
        0
      ]
    },
    {
      "Target": "Parameter",
      "Id": "PGYYTMD",
      "Segments": [
        0,
        0,
        1,
        0.122,
        0,
        0.245,
        1,
        0.367,
        1,
        2,
        6.6,
        1,
        1,
        6.733,
        1,
        6.867,
        0,
        7,
        0
      ]
    },
    {
      "Target": "Parameter",
      "Id": "zongxie",
      "Segments": [
        0,
        0,
        1,
        0.478,
        0,
        0.955,
        -1,
        1.433,
        -1,
        1,
        2.178,
        -1,
        2.922,
        1,
        3.667,
        1,
        1,
        4.778,
        1,
        5.889,
        0,
        7,
        0
      ]
    },
    {
      "Target": "Parameter",
      "Id": "zongti",
      "Segments": [
        0,
        0,
        1,
        0.367,
        0,
        0.733,
        1,
        1.1,
        1,
        1,
        1.767,
        1,
        2.433,
        -1,
        3.1,
        -1,
        1,
        3.878,
        -1,
        4.655,
        1,
        5.433,
        1,
        1,
        5.955,
        1,
        6.478,
        0,
        7,
        0
      ]
    },
    {
      "Target": "Parameter",
      "Id": "fubu",
      "Segments": [
        0,
        0,
        1,
        0.478,
        0,
        0.955,
        1,
        1.433,
        1,
        1,
        2.178,
        1,
        2.922,
        -1,
        3.667,
        -1,
        1,
        4.778,
        -1,
        5.889,
        0,
        7,
        0
      ]
    },
    {
      "Target": "Parameter",
      "Id": "zongZY",
      "Segments": [
        0,
        0,
        1,
        0.489,
        0,
        0.978,
        -5,
        1.467,
        -5,
        1,
        2.6,
        -5,
        3.734,
        4,
        4.867,
        4,
        1,
        5.578,
        4,
        6.289,
        0,
        7,
        0
      ]
    },
    {
      "Target": "Parameter",
      "Id": "zongjiaodi",
      "Segments": [
        0,
        0,
        1,
        0.522,
        0,
        1.045,
        -0.5,
        1.567,
        -0.5,
        1,
        3.378,
        -0.5,
        5.189,
        0,
        7,
        0
      ]
    },
    {
      "Target": "Parameter",
      "Id": "XSDSX",
      "Segments": [
        0,
        0,
        1,
        0.178,
        0,
        0.355,
        1,
        0.533,
        1,
        1,
        0.8,
        1,
        1.066,
        -1,
        1.333,
        -1,
        1,
        1.6,
        -1,
        1.866,
        0.839,
        2.133,
        0.839,
        1,
        2.322,
        0.839,
        2.511,
        -0.903,
        2.7,
        -0.903,
        1,
        2.911,
        -0.903,
        3.122,
        0.535,
        3.333,
        0.535,
        1,
        3.555,
        0.535,
        3.778,
        -0.681,
        4,
        -0.681,
        1,
        4.233,
        -0.681,
        4.467,
        0.535,
        4.7,
        0.535,
        1,
        4.9,
        0.535,
        5.1,
        -0.681,
        5.3,
        -0.681,
        1,
        5.478,
        -0.681,
        5.655,
        0.433,
        5.833,
        0.433,
        1,
        6.078,
        0.433,
        6.322,
        -0.452,
        6.567,
        -0.452,
        1,
        6.711,
        -0.452,
        6.856,
        0,
        7,
        0
      ]
    },
    {
      "Target": "Parameter",
      "Id": "ZBXZ",
      "Segments": [
        0,
        0,
        1,
        0.367,
        0,
        0.733,
        -3,
        1.1,
        -3,
        1,
        1.7,
        -3,
        2.3,
        -2.052,
        2.9,
        0,
        1,
        3.078,
        0.608,
        3.255,
        1,
        3.433,
        1,
        1,
        3.8,
        1,
        4.166,
        -1,
        4.533,
        -1,
        1,
        5.355,
        -1,
        6.178,
        0,
        7,
        0
      ]
    },
    {
      "Target": "Parameter",
      "Id": "jianweizi",
      "Segments": [
        0,
        0,
        1,
        0.833,
        0,
        1.667,
        0.6,
        2.5,
        0.6,
        1,
        4,
        0.6,
        5.5,
        0,
        7,
        0
      ]
    },
    {
      "Target": "Parameter",
      "Id": "yifujiaodu",
      "Segments": [
        0,
        0,
        1,
        0.2,
        0,
        0.4,
        0.4,
        0.6,
        0.4,
        1,
        1.044,
        0.4,
        1.489,
        -0.43,
        1.933,
        -0.43,
        1,
        2.389,
        -0.43,
        2.844,
        0.307,
        3.3,
        0.307,
        1,
        3.722,
        0.307,
        4.145,
        -0.268,
        4.567,
        -0.268,
        1,
        4.989,
        -0.268,
        5.411,
        0,
        5.833,
        0,
        2,
        7,
        0
      ]
    },
    {
      "Target": "Parameter",
      "Id": "yifubianxin",
      "Segments": [
        0,
        0,
        1,
        0.444,
        0,
        0.889,
        1,
        1.333,
        1,
        1,
        1.8,
        1,
        2.266,
        -1,
        2.733,
        -1,
        1,
        3.155,
        -1,
        3.578,
        1,
        4,
        1,
        1,
        4.422,
        1,
        4.845,
        0,
        5.267,
        0,
        1,
        5.656,
        0,
        6.044,
        0.9,
        6.433,
        0.9,
        1,
        6.622,
        0.9,
        6.811,
        0,
        7,
        0
      ]
    },
    {
      "Target": "Parameter",
      "Id": "piaodaijiaodu",
      "Segments": [
        0,
        0,
        1,
        0.167,
        0,
        0.333,
        -1,
        0.5,
        -1,
        1,
        0.722,
        -1,
        0.945,
        0.5,
        1.167,
        0.5,
        1,
        1.767,
        0.5,
        2.367,
        -1,
        2.967,
        -1,
        1,
        3.711,
        -1,
        4.456,
        1,
        5.2,
        1,
        1,
        5.8,
        1,
        6.4,
        0,
        7,
        0
      ]
    },
    {
      "Target": "Parameter",
      "Id": "piaodaibianxing",
      "Segments": [
        0,
        0,
        1,
        0.633,
        0,
        1.267,
        1,
        1.9,
        1,
        1,
        2.589,
        1,
        3.278,
        -1,
        3.967,
        -1,
        1,
        4.756,
        -1,
        5.544,
        1,
        6.333,
        1,
        1,
        6.555,
        1,
        6.778,
        0,
        7,
        0
      ]
    },
    {
      "Target": "Parameter",
      "Id": "houfa1jiaodu",
      "Segments": [
        0,
        0,
        1,
        0.422,
        0,
        0.845,
        0.3,
        1.267,
        0.3,
        1,
        1.7,
        0.3,
        2.134,
        0.201,
        2.567,
        0,
        1,
        2.978,
        -0.191,
        3.389,
        -0.287,
        3.8,
        -0.287,
        1,
        4.567,
        -0.287,
        5.333,
        0.11,
        6.1,
        0.11,
        1,
        6.4,
        0.11,
        6.7,
        0,
        7,
        0
      ]
    },
    {
      "Target": "Parameter",
      "Id": "houfa1bianxin",
      "Segments": [
        0,
        0,
        1,
        0.422,
        0,
        0.845,
        -0.39,
        1.267,
        -0.39,
        1,
        1.7,
        -0.39,
        2.134,
        0.5,
        2.567,
        0.5,
        1,
        2.989,
        0.5,
        3.411,
        0.158,
        3.833,
        0,
        1,
        4.344,
        -0.191,
        4.856,
        -0.2,
        5.367,
        -0.2,
        1,
        5.911,
        -0.2,
        6.456,
        0,
        7,
        0
      ]
    },
    {
      "Target": "Parameter",
      "Id": "houfa2jiaodu",
      "Segments": [
        0,
        0,
        2,
        0.833,
        0,
        1,
        1.189,
        0,
        1.544,
        -1,
        1.9,
        -1,
        1,
        2.322,
        -1,
        2.745,
        -0.236,
        3.167,
        0,
        1,
        3.745,
        0.324,
        4.322,
        0.33,
        4.9,
        0.33,
        1,
        5.6,
        0.33,
        6.3,
        0,
        7,
        0
      ]
    },
    {
      "Target": "Parameter",
      "Id": "houfa2bianxing",
      "Segments": [
        0,
        0,
        1,
        0.278,
        0,
        0.555,
        1,
        0.833,
        1,
        1,
        1.189,
        1,
        1.544,
        0.379,
        1.9,
        0,
        1,
        2.244,
        -0.367,
        2.589,
        -0.381,
        2.933,
        -0.381,
        1,
        3.5,
        -0.381,
        4.066,
        -0.295,
        4.633,
        -0.017,
        1,
        5.078,
        0.201,
        5.522,
        0.383,
        5.967,
        0.383,
        1,
        6.311,
        0.383,
        6.656,
        0,
        7,
        0
      ]
    },
    {
      "Target": "Parameter",
      "Id": "houfa3jiaodu",
      "Segments": [
        0,
        0,
        2,
        0.833,
        0,
        1,
        1.1,
        0,
        1.366,
        1,
        1.633,
        1,
        1,
        1.955,
        1,
        2.278,
        0.563,
        2.6,
        0,
        1,
        2.833,
        -0.408,
        3.067,
        -0.504,
        3.3,
        -0.504,
        1,
        3.678,
        -0.504,
        4.055,
        -0.212,
        4.433,
        0,
        1,
        4.944,
        0.287,
        5.456,
        0.338,
        5.967,
        0.338,
        1,
        6.311,
        0.338,
        6.656,
        0,
        7,
        0
      ]
    },
    {
      "Target": "Parameter",
      "Id": "houfa3bianxing",
      "Segments": [
        0,
        0,
        1,
        0.278,
        0,
        0.555,
        -1,
        0.833,
        -1,
        1,
        1.1,
        -1,
        1.366,
        -0.598,
        1.633,
        0,
        1,
        1.955,
        0.723,
        2.278,
        1,
        2.6,
        1,
        1,
        2.9,
        1,
        3.2,
        0.561,
        3.5,
        0,
        1,
        3.811,
        -0.581,
        4.122,
        -0.756,
        4.433,
        -0.756,
        1,
        4.755,
        -0.756,
        5.078,
        -0.57,
        5.4,
        -0.197,
        1,
        5.711,
        0.163,
        6.022,
        0.344,
        6.333,
        0.344,
        1,
        6.555,
        0.344,
        6.778,
        0,
        7,
        0
      ]
    },
    {
      "Target": "Parameter",
      "Id": "houfa4jiaodu",
      "Segments": [
        0,
        0,
        1,
        0.389,
        0,
        0.778,
        -1,
        1.167,
        -1,
        1,
        1.967,
        -1,
        2.767,
        1,
        3.567,
        1,
        1,
        4.245,
        1,
        4.922,
        -0.593,
        5.6,
        -0.593,
        1,
        6.067,
        -0.593,
        6.533,
        0,
        7,
        0
      ]
    },
    {
      "Target": "Parameter",
      "Id": "houfa4bianxing",
      "Segments": [
        0,
        0,
        1,
        0.522,
        0,
        1.045,
        -1,
        1.567,
        -1,
        1,
        2.367,
        -1,
        3.167,
        1,
        3.967,
        1,
        1,
        4.567,
        1,
        5.167,
        -0.431,
        5.767,
        -0.431,
        1,
        6.178,
        -0.431,
        6.589,
        0,
        7,
        0
      ]
    },
    {
      "Target": "Parameter",
      "Id": "houfa5jiaodu",
      "Segments": [
        0,
        0,
        1,
        0.544,
        0,
        1.089,
        1,
        1.633,
        1,
        1,
        2.355,
        1,
        3.078,
        -1,
        3.8,
        -1,
        1,
        4.511,
        -1,
        5.222,
        0.478,
        5.933,
        0.478,
        1,
        6.289,
        0.478,
        6.644,
        0,
        7,
        0
      ]
    },
    {
      "Target": "Parameter",
      "Id": "houfa5bianxing",
      "Segments": [
        0,
        0,
        1,
        0.233,
        0,
        0.467,
        1,
        0.7,
        1,
        1,
        1.267,
        1,
        1.833,
        -1,
        2.4,
        -1,
        1,
        3.056,
        -1,
        3.711,
        0.498,
        4.367,
        0.498,
        1,
        4.856,
        0.498,
        5.344,
        -0.612,
        5.833,
        -0.612,
        1,
        6.222,
        -0.612,
        6.611,
        0,
        7,
        0
      ]
    },
    {
      "Target": "Parameter",
      "Id": "boziqumian",
      "Segments": [
        0,
        0,
        0,
        7,
        0
      ]
    },
    {
      "Target": "Parameter",
      "Id": "ParamEyeLSmile",
      "Segments": [
        0,
        0,
        0,
        7,
        0
      ]
    },
    {
      "Target": "Parameter",
      "Id": "ParamEyeRSmile",
      "Segments": [
        0,
        0,
        0,
        7,
        0
      ]
    },
    {
      "Target": "Parameter",
      "Id": "gaoguangqiehuang",
      "Segments": [
        0,
        0,
        0,
        7,
        0
      ]
    },
    {
      "Target": "Parameter",
      "Id": "ParamBrowLAngle",
      "Segments": [
        0,
        0,
        0,
        7,
        0
      ]
    },
    {
      "Target": "Parameter",
      "Id": "ParamBrowRAngle",
      "Segments": [
        0,
        0,
        0,
        7,
        0
      ]
    },
    {
      "Target": "Parameter",
      "Id": "ParamBrowLForm",
      "Segments": [
        0,
        0,
        0,
        7,
        0
      ]
    },
    {
      "Target": "Parameter",
      "Id": "ParamBrowRForm",
      "Segments": [
        0,
        0,
        0,
        7,
        0
      ]
    },
    {
      "Target": "Parameter",
      "Id": "ParamMouthOpenY",
      "Segments": [
        0,
        0,
        0,
        7,
        0
      ]
    },
    {
      "Target": "Parameter",
      "Id": "koudaxiao",
      "Segments": [
        0,
        0,
        0,
        7,
        0
      ]
    },
    {
      "Target": "Parameter",
      "Id": "kouqiehuan",
      "Segments": [
        0,
        0,
        0,
        7,
        0
      ]
    },
    {
      "Target": "Parameter",
      "Id": "CZDH",
      "Segments": [
        0,
        0,
        0,
        7,
        0
      ]
    },
    {
      "Target": "Parameter",
      "Id": "ParamCheek",
      "Segments": [
        0,
        0,
        0,
        7,
        0
      ]
    },
    {
      "Target": "Parameter",
      "Id": "ParamBodyAngleX",
      "Segments": [
        0,
        0,
        0,
        7,
        0
      ]
    },
    {
      "Target": "Parameter",
      "Id": "zuobitc",
      "Segments": [
        0,
        0,
        0,
        7,
        0
      ]
    },
    {
      "Target": "Parameter",
      "Id": "ZSQH",
      "Segments": [
        0,
        0,
        0,
        7,
        0
      ]
    },
    {
      "Target": "Parameter",
      "Id": "zuoshou2",
      "Segments": [
        0,
        0,
        0,
        7,
        0
      ]
    },
    {
      "Target": "Parameter",
      "Id": "zuoshou3",
      "Segments": [
        0,
        0,
        0,
        7,
        0
      ]
    },
    {
      "Target": "Parameter",
      "Id": "zuoshou4",
      "Segments": [
        0,
        0,
        0,
        7,
        0
      ]
    },
    {
      "Target": "Parameter",
      "Id": "zuoshou5",
      "Segments": [
        0,
        0,
        0,
        7,
        0
      ]
    },
    {
      "Target": "Parameter",
      "Id": "ZBTS",
      "Segments": [
        0,
        0,
        0,
        7,
        0
      ]
    },
    {
      "Target": "Parameter",
      "Id": "zuoshouY",
      "Segments": [
        0,
        0,
        0,
        7,
        0
      ]
    },
    {
      "Target": "Parameter",
      "Id": "zsz5",
      "Segments": [
        0,
        0,
        0,
        7,
        0
      ]
    },
    {
      "Target": "Parameter",
      "Id": "YXBQH",
      "Segments": [
        0,
        0,
        0,
        7,
        0
      ]
    },
    {
      "Target": "Parameter",
      "Id": "BTYBZY",
      "Segments": [
        0,
        0,
        0,
        7,
        0
      ]
    },
    {
      "Target": "Parameter",
      "Id": "BTYBSX",
      "Segments": [
        0,
        0,
        0,
        7,
        0
      ]
    },
    {
      "Target": "Parameter",
      "Id": "BTYBJD",
      "Segments": [
        0,
        0,
        0,
        7,
        0
      ]
    },
    {
      "Target": "Parameter",
      "Id": "YOUSHOUx",
      "Segments": [
        0,
        0,
        0,
        7,
        0
      ]
    },
    {
      "Target": "Parameter",
      "Id": "zuotuoxieQH",
      "Segments": [
        0,
        0,
        0,
        7,
        0
      ]
    },
    {
      "Target": "Parameter",
      "Id": "ZTXX",
      "Segments": [
        0,
        0,
        0,
        7,
        0
      ]
    },
    {
      "Target": "Parameter",
      "Id": "ZTXY",
      "Segments": [
        0,
        0,
        0,
        7,
        0
      ]
    },
    {
      "Target": "Parameter",
      "Id": "ZTXJD",
      "Segments": [
        0,
        0,
        0,
        7,
        0
      ]
    },
    {
      "Target": "Parameter",
      "Id": "panciTDX",
      "Segments": [
        0,
        0,
        0,
        7,
        0
      ]
    },
    {
      "Target": "Parameter",
      "Id": "PANCITDY",
      "Segments": [
        0,
        0,
        0,
        7,
        0
      ]
    },
    {
      "Target": "Parameter",
      "Id": "pancirou",
      "Segments": [
        0,
        0,
        0,
        7,
        0
      ]
    },
    {
      "Target": "Parameter",
      "Id": "ZXtuodong",
      "Segments": [
        0,
        0,
        0,
        7,
        0
      ]
    },
    {
      "Target": "Parameter",
      "Id": "TTQDYK",
      "Segments": [
        0,
        0,
        0,
        7,
        0
      ]
    },
    {
      "Target": "Parameter",
      "Id": "TTQqiehuan",
      "Segments": [
        0,
        0,
        0,
        7,
        0
      ]
    },
    {
      "Target": "Parameter",
      "Id": "TTQZY",
      "Segments": [
        0,
        -10,
        0,
        7,
        -10
      ]
    },
    {
      "Target": "Parameter",
      "Id": "TTQSX",
      "Segments": [
        0,
        0,
        0,
        7,
        0
      ]
    },
    {
      "Target": "Parameter",
      "Id": "TTQJD",
      "Segments": [
        0,
        0,
        0,
        7,
        0
      ]
    },
    {
      "Target": "Parameter",
      "Id": "TTQYC",
      "Segments": [
        0,
        0,
        0,
        7,
        0
      ]
    },
    {
      "Target": "Parameter",
      "Id": "GYJS",
      "Segments": [
        0,
        0,
        0,
        7,
        0
      ]
    },
    {
      "Target": "Parameter",
      "Id": "GYHZ",
      "Segments": [
        0,
        0,
        0,
        7,
        0
      ]
    },
    {
      "Target": "Parameter",
      "Id": "GYDX",
      "Segments": [
        0,
        0,
        0,
        7,
        0
      ]
    },
    {
      "Target": "Parameter",
      "Id": "GYZUOYOU",
      "Segments": [
        0,
        0,
        0,
        7,
        0
      ]
    },
    {
      "Target": "Parameter",
      "Id": "GYSHANGXIA",
      "Segments": [
        0,
        0,
        0,
        7,
        0
      ]
    },
    {
      "Target": "Parameter",
      "Id": "guangyunZQ",
      "Segments": [
        0,
        0,
        0,
        7,
        0
      ]
    },
    {
      "Target": "Parameter",
      "Id": "GYTMD",
      "Segments": [
        0,
        0,
        0,
        7,
        0
      ]
    },
    {
      "Target": "Parameter",
      "Id": "ParamBodyAngleY",
      "Segments": [
        0,
        0,
        0,
        7,
        0
      ]
    },
    {
      "Target": "Parameter",
      "Id": "YYjiashen",
      "Segments": [
        0,
        0,
        0,
        7,
        0
      ]
    },
    {
      "Target": "Parameter",
      "Id": "TYYTMD",
      "Segments": [
        0,
        1,
        0,
        7,
        1
      ]
    },
    {
      "Target": "Parameter",
      "Id": "zuodatuiBX",
      "Segments": [
        0,
        0,
        0,
        7,
        0
      ]
    },
    {
      "Target": "Parameter",
      "Id": "youdatuiBX",
      "Segments": [
        0,
        0,
        0,
        7,
        0
      ]
    },
    {
      "Target": "Parameter",
      "Id": "MZPDJD",
      "Segments": [
        0,
        0,
        0,
        7,
        0
      ]
    },
    {
      "Target": "Parameter",
      "Id": "MZPDBX",
      "Segments": [
        0,
        0,
        0,
        7,
        0
      ]
    },
    {
      "Target": "Parameter",
      "Id": "pancizhezou",
      "Segments": [
        0,
        0,
        0,
        7,
        0
      ]
    },
    {
      "Target": "Parameter",
      "Id": "toushizhezou",
      "Segments": [
        0,
        0,
        0,
        7,
        0
      ]
    },
    {
      "Target": "Parameter",
      "Id": "chizuiba",
      "Segments": [
        0,
        0,
        0,
        7,
        0
      ]
    },
    {
      "Target": "Parameter",
      "Id": "zongSX",
      "Segments": [
        0,
        0,
        0,
        7,
        0
      ]
    },
    {
      "Target": "Parameter",
      "Id": "PGZY",
      "Segments": [
        0,
        0,
        0,
        7,
        0
      ]
    },
    {
      "Target": "Parameter",
      "Id": "oupaijiya",
      "Segments": [
        0,
        0,
        0,
        7,
        0
      ]
    },
    {
      "Target": "2935860712",
      "Id": "2935860712",
      "Segments": [
        0,
        1,
        0,
        7,
        1
      ]
    }
  ],
  "UserData": [
    {
      "Time": 6.5,
      "Value": ""
    }
  ]
}