{
  "Version": 3,
  "Meta": {
    "Duration": 8.0,
    "Fps": 30.0,
    "Loop": false,
    "AreBeziersRestricted": true,
    "CurveCount": 153,
    "TotalSegmentCount": 651,
    "TotalPointCount": 1858,
    "UserDataCount": 1,
    "TotalUserDataSize": 0
  },
  "Curves": [
    {
      "Target": "Model",
      "Id": "LipSync",
      "Segments": [
        0,
        0,
        2,
        0.067,
        0,
        1,
        0.111,
        0,
        0.156,
        0.729,
        0.2,
        0.729,
        1,
        0.222,
        0.729,
        0.245,
        0.094,
        0.267,
        0.094,
        1,
        0.289,
        0.094,
        0.311,
        0.875,
        0.333,
        0.875,
        1,
        0.355,
        0.875,
        0.378,
        0.031,
        0.4,
        0.031,
        1,
        0.444,
        0.031,
        0.489,
        0.996,
        0.533,
        0.996,
        1,
        0.644,
        0.996,
        0.756,
        0,
        0.867,
        0,
        1,
        0.911,
        0,
        0.956,
        0.027,
        1,
        0.027,
        1,
        1.044,
        0.027,
        1.089,
        0,
        1.133,
        0,
        2,
        1.267,
        0,
        1,
        1.311,
        0,
        1.356,
        0.773,
        1.4,
        0.773,
        1,
        1.444,
        0.773,
        1.489,
        0.639,
        1.533,
        0.639,
        1,
        1.555,
        0.639,
        1.578,
        0.949,
        1.6,
        0.949,
        1,
        1.622,
        0.949,
        1.645,
        0.918,
        1.667,
        0.918,
        1,
        1.689,
        0.918,
        1.711,
        0.925,
        1.733,
        0.925,
        1,
        1.755,
        0.925,
        1.778,
        0.796,
        1.8,
        0.796,
        1,
        1.822,
        0.796,
        1.845,
        0.996,
        1.867,
        0.996,
        1,
        1.889,
        0.996,
        1.911,
        0.333,
        1.933,
        0.333,
        1,
        1.955,
        0.333,
        1.978,
        0.898,
        2,
        0.898,
        1,
        2.044,
        0.898,
        2.089,
        0.631,
        2.133,
        0.631,
        1,
        2.155,
        0.631,
        2.178,
        0.686,
        2.2,
        0.686,
        1,
        2.267,
        0.686,
        2.333,
        0.043,
        2.4,
        0.043,
        1,
        2.422,
        0.043,
        2.445,
        0.675,
        2.467,
        0.675,
        1,
        2.489,
        0.675,
        2.511,
        0.008,
        2.533,
        0.008,
        1,
        2.555,
        0.008,
        2.578,
        0.843,
        2.6,
        0.843,
        1,
        2.644,
        0.843,
        2.689,
        0.016,
        2.733,
        0.016,
        1,
        2.755,
        0.016,
        2.778,
        0.933,
        2.8,
        0.933,
        1,
        2.822,
        0.933,
        2.845,
        0.035,
        2.867,
        0.035,
        1,
        2.911,
        0.035,
        2.956,
        0.722,
        3,
        0.722,
        1,
        3.022,
        0.722,
        3.045,
        0.373,
        3.067,
        0.373,
        1,
        3.111,
        0.373,
        3.156,
        0.722,
        3.2,
        0.722,
        1,
        3.311,
        0.722,
        3.422,
        0,
        3.533,
        0,
        1,
        3.555,
        0,
        3.578,
        0.012,
        3.6,
        0.012,
        1,
        3.667,
        0.012,
        3.733,
        0,
        3.8,
        0,
        2,
        4.2,
        0,
        1,
        4.244,
        0,
        4.289,
        0.851,
        4.333,
        0.851,
        1,
        4.355,
        0.851,
        4.378,
        0.38,
        4.4,
        0.38,
        1,
        4.422,
        0.38,
        4.445,
        0.718,
        4.467,
        0.718,
        1,
        4.511,
        0.718,
        4.556,
        0.035,
        4.6,
        0.035,
        1,
        4.622,
        0.035,
        4.645,
        0.675,
        4.667,
        0.675,
        1,
        4.689,
        0.675,
        4.711,
        0.067,
        4.733,
        0.067,
        1,
        4.8,
        0.067,
        4.866,
        0.973,
        4.933,
        0.973,
        1,
        4.955,
        0.973,
        4.978,
        0.929,
        5,
        0.929,
        1,
        5.022,
        0.929,
        5.045,
        0.945,
        5.067,
        0.945,
        1,
        5.089,
        0.945,
        5.111,
        0.839,
        5.133,
        0.839,
        1,
        5.155,
        0.839,
        5.178,
        0.843,
        5.2,
        0.843,
        1,
        5.222,
        0.843,
        5.245,
        0.165,
        5.267,
        0.165,
        1,
        5.289,
        0.165,
        5.311,
        0.745,
        5.333,
        0.745,
        1,
        5.355,
        0.745,
        5.378,
        0.698,
        5.4,
        0.698,
        1,
        5.422,
        0.698,
        5.445,
        0.824,
        5.467,
        0.824,
        1,
        5.489,
        0.824,
        5.511,
        0.361,
        5.533,
        0.361,
        1,
        5.578,
        0.361,
        5.622,
        0.706,
        5.667,
        0.706,
        1,
        5.734,
        0.706,
        5.8,
        0.004,
        5.867,
        0.004,
        1,
        5.889,
        0.004,
        5.911,
        0.024,
        5.933,
        0.024,
        1,
        5.978,
        0.024,
        6.022,
        0,
        6.067,
        0,
        2,
        6.2,
        0,
        1,
        6.244,
        0,
        6.289,
        0.894,
        6.333,
        0.894,
        1,
        6.378,
        0.894,
        6.422,
        0,
        6.467,
        0,
        1,
        6.511,
        0,
        6.556,
        0.38,
        6.6,
        0.38,
        1,
        6.644,
        0.38,
        6.689,
        0.204,
        6.733,
        0.204,
        1,
        6.8,
        0.204,
        6.866,
        0.686,
        6.933,
        0.686,
        1,
        6.955,
        0.686,
        6.978,
        0.635,
        7,
        0.635,
        1,
        7.044,
        0.635,
        7.089,
        0.749,
        7.133,
        0.749,
        1,
        7.155,
        0.749,
        7.178,
        0.427,
        7.2,
        0.427,
        1,
        7.222,
        0.427,
        7.245,
        0.749,
        7.267,
        0.749,
        1,
        7.289,
        0.749,
        7.311,
        0.357,
        7.333,
        0.357,
        1,
        7.355,
        0.357,
        7.378,
        0.627,
        7.4,
        0.627,
        1,
        7.444,
        0.627,
        7.489,
        0.376,
        7.533,
        0.376,
        1,
        7.578,
        0.376,
        7.622,
        0.51,
        7.667,
        0.51,
        1,
        7.756,
        0.51,
        7.844,
        0,
        7.933,
        0,
        2,
        8,
        0
      ]
    },
    {
      "Target": "Parameter",
      "Id": "ParamAngleX",
      "Segments": [
        0,
        0,
        1,
        0.322,
        0,
        0.645,
        30,
        0.967,
        30,
        1,
        1.245,
        30,
        1.522,
        0,
        1.8,
        0,
        1,
        2.133,
        0,
        2.467,
        30,
        2.8,
        30,
        1,
        3.256,
        30,
        3.711,
        0,
        4.167,
        0,
        1,
        4.667,
        0,
        5.167,
        30,
        5.667,
        30,
        1,
        6.445,
        30,
        7.222,
        0,
        8,
        0
      ]
    },
    {
      "Target": "Parameter",
      "Id": "ParamAngleY",
      "Segments": [
        0,
        0,
        1,
        0.422,
        0,
        0.845,
        -30,
        1.267,
        -30,
        1,
        1.922,
        -30,
        2.578,
        -29.147,
        3.233,
        -23.5,
        1,
        4.822,
        -9.812,
        6.411,
        0,
        8,
        0
      ]
    },
    {
      "Target": "Parameter",
      "Id": "boziqumian",
      "Segments": [
        0,
        0,
        1,
        0.422,
        0,
        0.845,
        -7,
        1.267,
        -7,
        2,
        6.467,
        -7,
        1,
        6.978,
        -7,
        7.489,
        0,
        8,
        0
      ]
    },
    {
      "Target": "Parameter",
      "Id": "ParamEyeLOpen",
      "Segments": [
        0,
        1,
        2,
        0.933,
        1,
        1,
        1.044,
        1,
        1.156,
        0,
        1.267,
        0,
        1,
        1.445,
        0,
        1.622,
        1,
        1.8,
        1,
        2,
        6.233,
        1,
        1,
        6.344,
        1,
        6.456,
        0,
        6.567,
        0,
        1,
        6.745,
        0,
        6.922,
        1,
        7.1,
        1,
        2,
        8,
        1
      ]
    },
    {
      "Target": "Parameter",
      "Id": "ParamEyeROpen",
      "Segments": [
        0,
        1,
        2,
        0.933,
        1,
        1,
        1.044,
        1,
        1.156,
        0,
        1.267,
        0,
        1,
        1.445,
        0,
        1.622,
        1,
        1.8,
        1,
        2,
        6.233,
        1,
        1,
        6.344,
        1,
        6.456,
        0,
        6.567,
        0,
        1,
        6.745,
        0,
        6.922,
        1,
        7.1,
        1,
        2,
        8,
        1
      ]
    },
    {
      "Target": "Parameter",
      "Id": "ParamEyeBallY",
      "Segments": [
        0,
        0,
        2,
        1.267,
        0,
        1,
        1.445,
        0,
        1.622,
        0.8,
        1.8,
        0.8,
        1,
        3.867,
        0.8,
        5.933,
        0,
        8,
        0
      ]
    },
    {
      "Target": "Parameter",
      "Id": "TKDX",
      "Segments": [
        0,
        0,
        2,
        0.933,
        0,
        1,
        1.044,
        0,
        1.156,
        1,
        1.267,
        1,
        1,
        1.445,
        1,
        1.622,
        -1,
        1.8,
        -1,
        1,
        1.956,
        -1,
        2.111,
        0.3,
        2.267,
        0.3,
        1,
        2.4,
        0.3,
        2.534,
        0,
        2.667,
        0,
        2,
        6.233,
        0,
        1,
        6.344,
        0,
        6.456,
        1,
        6.567,
        1,
        1,
        6.745,
        1,
        6.922,
        -1,
        7.1,
        -1,
        1,
        7.233,
        -1,
        7.367,
        0.6,
        7.5,
        0.6,
        1,
        7.667,
        0.6,
        7.833,
        0,
        8,
        0
      ]
    },
    {
      "Target": "Parameter",
      "Id": "GGDONGHUA",
      "Segments": [
        0,
        0,
        1,
        0.211,
        0,
        0.422,
        1,
        0.633,
        1,
        1,
        0.844,
        1,
        1.056,
        0,
        1.267,
        0,
        1,
        1.334,
        0,
        1.4,
        1,
        1.467,
        1,
        1,
        1.522,
        1,
        1.578,
        0,
        1.633,
        0,
        1,
        1.7,
        0,
        1.766,
        0.798,
        1.833,
        0.798,
        1,
        1.878,
        0.798,
        1.922,
        0,
        1.967,
        0,
        1,
        2.034,
        0,
        2.1,
        0.551,
        2.167,
        0.551,
        1,
        2.222,
        0.551,
        2.278,
        0,
        2.333,
        0,
        1,
        2.633,
        0,
        2.933,
        1,
        3.233,
        1,
        1,
        3.522,
        1,
        3.811,
        0,
        4.1,
        0,
        1,
        4.511,
        0,
        4.922,
        1,
        5.333,
        1,
        1,
        5.744,
        1,
        6.156,
        0,
        6.567,
        0,
        1,
        6.634,
        0,
        6.7,
        1,
        6.767,
        1,
        1,
        6.822,
        1,
        6.878,
        0,
        6.933,
        0,
        1,
        7,
        0,
        7.066,
        0.798,
        7.133,
        0.798,
        1,
        7.178,
        0.798,
        7.222,
        0,
        7.267,
        0,
        1,
        7.334,
        0,
        7.4,
        0.551,
        7.467,
        0.551,
        1,
        7.522,
        0.551,
        7.578,
        0,
        7.633,
        0,
        2,
        8,
        0
      ]
    },
    {
      "Target": "Parameter",
      "Id": "erhuanYB",
      "Segments": [
        0,
        0,
        1,
        0.244,
        0,
        0.489,
        -0.6,
        0.733,
        -0.6,
        1,
        0.978,
        -0.6,
        1.222,
        -0.3,
        1.467,
        -0.3,
        1,
        1.734,
        -0.3,
        2,
        -0.9,
        2.267,
        -0.9,
        1,
        2.534,
        -0.9,
        2.8,
        -0.3,
        3.067,
        -0.3,
        1,
        3.334,
        -0.3,
        3.6,
        -0.9,
        3.867,
        -0.9,
        1,
        4.134,
        -0.9,
        4.4,
        -0.2,
        4.667,
        -0.2,
        1,
        4.922,
        -0.2,
        5.178,
        -0.9,
        5.433,
        -0.9,
        1,
        5.733,
        -0.9,
        6.033,
        -0.2,
        6.333,
        -0.2,
        1,
        6.633,
        -0.2,
        6.933,
        -0.6,
        7.233,
        -0.6,
        1,
        7.489,
        -0.6,
        7.744,
        0,
        8,
        0
      ]
    },
    {
      "Target": "Parameter",
      "Id": "ParamBrowLY",
      "Segments": [
        0,
        0,
        1,
        0.311,
        0,
        0.622,
        0.2,
        0.933,
        0.2,
        1,
        1.044,
        0.2,
        1.156,
        -1,
        1.267,
        -1,
        1,
        1.445,
        -1,
        1.622,
        0.2,
        1.8,
        0.2,
        2,
        6.233,
        0.2,
        1,
        6.344,
        0.2,
        6.456,
        -1,
        6.567,
        -1,
        1,
        6.745,
        -1,
        6.922,
        0.2,
        7.1,
        0.2,
        1,
        7.4,
        0.2,
        7.7,
        0,
        8,
        0
      ]
    },
    {
      "Target": "Parameter",
      "Id": "ParamBrowRY",
      "Segments": [
        0,
        0,
        1,
        0.311,
        0,
        0.622,
        0.2,
        0.933,
        0.2,
        1,
        1.044,
        0.2,
        1.156,
        -1,
        1.267,
        -1,
        1,
        1.445,
        -1,
        1.622,
        0.2,
        1.8,
        0.2,
        2,
        6.233,
        0.2,
        1,
        6.344,
        0.2,
        6.456,
        -1,
        6.567,
        -1,
        1,
        6.745,
        -1,
        6.922,
        0.2,
        7.1,
        0.2,
        1,
        7.4,
        0.2,
        7.7,
        0,
        8,
        0
      ]
    },
    {
      "Target": "Parameter",
      "Id": "ParamMouthForm",
      "Segments": [
        0,
        0,
        1,
        0.267,
        0,
        0.533,
        1,
        0.8,
        1,
        1,
        1.244,
        1,
        1.689,
        1.054,
        2.133,
        0.9,
        1,
        2.855,
        0.65,
        3.578,
        -1,
        4.3,
        -1,
        1,
        4.811,
        -1,
        5.322,
        1,
        5.833,
        1,
        1,
        6.555,
        1,
        7.278,
        0,
        8,
        0
      ]
    },
    {
      "Target": "Parameter",
      "Id": "ParamBodyAngleX",
      "Segments": [
        0,
        0,
        2,
        1.267,
        0,
        1,
        1.556,
        0,
        1.844,
        -10,
        2.133,
        -10,
        1,
        2.5,
        -10,
        2.866,
        4.106,
        3.233,
        4.106,
        1,
        3.589,
        4.106,
        3.944,
        -2.374,
        4.3,
        -2.374,
        1,
        5.533,
        -2.374,
        6.767,
        0,
        8,
        0
      ]
    },
    {
      "Target": "Parameter",
      "Id": "ParamBodyAngleY1",
      "Segments": [
        0,
        0,
        1,
        0.422,
        0,
        0.845,
        -10,
        1.267,
        -10,
        1,
        1.556,
        -10,
        1.844,
        -9,
        2.133,
        -9,
        1,
        2.5,
        -9,
        2.866,
        -10,
        3.233,
        -10,
        2,
        5.8,
        -10,
        1,
        6.533,
        -10,
        7.267,
        0,
        8,
        0
      ]
    },
    {
      "Target": "Parameter",
      "Id": "xiashenX",
      "Segments": [
        0,
        0,
        2,
        1.267,
        0,
        1,
        1.722,
        0,
        2.178,
        0.609,
        2.633,
        0.609,
        1,
        3.044,
        0.609,
        3.456,
        -0.479,
        3.867,
        -0.479,
        1,
        4.378,
        -0.479,
        4.889,
        0.609,
        5.4,
        0.609,
        1,
        5.844,
        0.609,
        6.289,
        -0.2,
        6.733,
        -0.2,
        1,
        7.155,
        -0.2,
        7.578,
        0,
        8,
        0
      ]
    },
    {
      "Target": "Parameter",
      "Id": "XIASHENY",
      "Segments": [
        0,
        0,
        1,
        0.422,
        0,
        0.845,
        -0.6,
        1.267,
        -0.6,
        1,
        1.722,
        -0.6,
        2.178,
        0.5,
        2.633,
        0.5,
        1,
        3.355,
        0.5,
        4.078,
        -0.4,
        4.8,
        -0.4,
        1,
        5.867,
        -0.4,
        6.933,
        0,
        8,
        0
      ]
    },
    {
      "Target": "Parameter",
      "Id": "ParamBodyAngleZ",
      "Segments": [
        0,
        0,
        1,
        0.422,
        0,
        0.845,
        -10,
        1.267,
        -10,
        2,
        5.8,
        -10,
        1,
        6.533,
        -10,
        7.267,
        0,
        8,
        0
      ]
    },
    {
      "Target": "Parameter",
      "Id": "XSX",
      "Segments": [
        0,
        0,
        0,
        8,
        0.011
      ]
    },
    {
      "Target": "Parameter",
      "Id": "XDYB",
      "Segments": [
        0,
        -0.002,
        1,
        0.278,
        -0.002,
        0.555,
        -0.439,
        0.833,
        -0.439,
        1,
        1.244,
        -0.439,
        1.656,
        0.258,
        2.067,
        0.258,
        1,
        2.522,
        0.258,
        2.978,
        -0.369,
        3.433,
        -0.369,
        1,
        3.889,
        -0.369,
        4.344,
        0.286,
        4.8,
        0.286,
        1,
        5.278,
        0.286,
        5.755,
        -0.296,
        6.233,
        -0.296,
        1,
        6.533,
        -0.296,
        6.833,
        0.211,
        7.133,
        0.211,
        1,
        7.422,
        0.211,
        7.711,
        -0.002,
        8,
        -0.002
      ]
    },
    {
      "Target": "Parameter",
      "Id": "XDBX",
      "Segments": [
        0,
        0,
        2,
        0.033,
        0,
        1,
        0.155,
        0,
        0.278,
        -0.255,
        0.4,
        -0.255,
        1,
        0.7,
        -0.255,
        1,
        0.085,
        1.3,
        0.085,
        1,
        1.422,
        0.085,
        1.545,
        -1,
        1.667,
        -1,
        2,
        1.7,
        -1,
        1,
        1.933,
        -1,
        2.167,
        0.902,
        2.4,
        0.902,
        1,
        2.733,
        0.902,
        3.067,
        -0.577,
        3.4,
        -0.577,
        1,
        3.744,
        -0.577,
        4.089,
        0.234,
        4.433,
        0.234,
        1,
        4.555,
        0.234,
        4.678,
        -0.06,
        4.8,
        -0.06,
        1,
        4.933,
        -0.06,
        5.067,
        0.052,
        5.2,
        0.052,
        1,
        5.322,
        0.052,
        5.445,
        0.018,
        5.567,
        0.018,
        1,
        5.811,
        0.018,
        6.056,
        0.124,
        6.3,
        0.124,
        1,
        6.389,
        0.124,
        6.478,
        0.114,
        6.567,
        0.114,
        2,
        6.6,
        0.114,
        2,
        6.667,
        0.114,
        2,
        6.767,
        0.114,
        1,
        7.178,
        0.114,
        7.589,
        -0.04,
        8,
        -0.04
      ]
    },
    {
      "Target": "Parameter",
      "Id": "ZXZY",
      "Segments": [
        0,
        0,
        0,
        8,
        0.015
      ]
    },
    {
      "Target": "Parameter",
      "Id": "ZXSBX",
      "Segments": [
        0,
        0,
        1,
        0.311,
        0,
        0.622,
        1,
        0.933,
        1,
        1,
        1.255,
        1,
        1.578,
        0.69,
        1.9,
        0,
        1,
        2.2,
        -0.642,
        2.5,
        -1,
        2.8,
        -1,
        1,
        3.156,
        -1,
        3.511,
        -0.698,
        3.867,
        0,
        1,
        4.189,
        0.632,
        4.511,
        1,
        4.833,
        1,
        1,
        5.155,
        1,
        5.478,
        0.69,
        5.8,
        0,
        1,
        6.1,
        -0.642,
        6.4,
        -1,
        6.7,
        -1,
        1,
        7.133,
        -1,
        7.567,
        0,
        8,
        0
      ]
    },
    {
      "Target": "Parameter",
      "Id": "ZXSDX",
      "Segments": [
        0,
        0,
        1,
        0.311,
        0,
        0.622,
        -0.173,
        0.933,
        -0.5,
        1,
        1.255,
        -0.839,
        1.578,
        -1,
        1.9,
        -1,
        1,
        2.2,
        -1,
        2.5,
        -0.803,
        2.8,
        -0.5,
        1,
        3.156,
        -0.141,
        3.511,
        0,
        3.867,
        0,
        1,
        4.189,
        0,
        4.511,
        -0.167,
        4.833,
        -0.5,
        1,
        5.155,
        -0.833,
        5.478,
        -1,
        5.8,
        -1,
        1,
        6.1,
        -1,
        6.4,
        -0.764,
        6.7,
        -0.5,
        1,
        7.133,
        -0.119,
        7.567,
        0,
        8,
        0
      ]
    },
    {
      "Target": "Parameter",
      "Id": "YXZY",
      "Segments": [
        0,
        0,
        0,
        8,
        -0.008
      ]
    },
    {
      "Target": "Parameter",
      "Id": "YXSBX",
      "Segments": [
        0,
        0,
        1,
        0.311,
        0,
        0.622,
        0.6,
        0.933,
        0.6,
        1,
        1.255,
        0.6,
        1.578,
        0.508,
        1.9,
        0,
        1,
        2.2,
        -0.473,
        2.5,
        -1,
        2.8,
        -1,
        1,
        3.156,
        -1,
        3.511,
        -0.698,
        3.867,
        0,
        1,
        4.189,
        0.632,
        4.511,
        1,
        4.833,
        1,
        1,
        5.155,
        1,
        5.478,
        0.527,
        5.8,
        0,
        1,
        6.1,
        -0.49,
        6.4,
        -0.6,
        6.7,
        -0.6,
        1,
        7.133,
        -0.6,
        7.567,
        0,
        8,
        0
      ]
    },
    {
      "Target": "Parameter",
      "Id": "YXSDX",
      "Segments": [
        0,
        0,
        1,
        0.311,
        0,
        0.622,
        -0.336,
        0.933,
        -0.63,
        1,
        1.255,
        -0.934,
        1.578,
        -0.984,
        1.9,
        -0.984,
        1,
        2.2,
        -0.984,
        2.5,
        -0.799,
        2.8,
        -0.5,
        1,
        3.156,
        -0.146,
        3.511,
        0,
        3.867,
        0,
        1,
        4.189,
        0,
        4.511,
        -0.172,
        4.833,
        -0.5,
        1,
        5.155,
        -0.828,
        5.478,
        -0.984,
        5.8,
        -0.984,
        1,
        6.1,
        -0.984,
        6.4,
        -0.455,
        6.7,
        -0.274,
        1,
        7.133,
        -0.013,
        7.567,
        0,
        8,
        0
      ]
    },
    {
      "Target": "Parameter",
      "Id": "ParamBreath",
      "Segments": [
        0,
        0,
        1,
        0.422,
        0,
        0.845,
        1,
        1.267,
        1,
        1,
        2.134,
        1,
        3,
        0,
        3.867,
        0,
        1,
        4.289,
        0,
        4.711,
        1,
        5.133,
        1,
        1,
        6.089,
        1,
        7.044,
        0,
        8,
        0
      ]
    },
    {
      "Target": "Parameter",
      "Id": "ParamHairFront",
      "Segments": [
        0,
        0,
        2,
        0.033,
        0,
        1,
        0.155,
        0,
        0.278,
        -0.029,
        0.4,
        -0.029,
        1,
        0.822,
        -0.029,
        1.245,
        0.169,
        1.667,
        0.169,
        1,
        1.911,
        0.169,
        2.156,
        -0.181,
        2.4,
        -0.181,
        1,
        2.744,
        -0.181,
        3.089,
        0.099,
        3.433,
        0.099,
        1,
        3.766,
        0.099,
        4.1,
        -0.05,
        4.433,
        -0.05,
        1,
        4.589,
        -0.05,
        4.744,
        0.002,
        4.9,
        0.002,
        1,
        5.011,
        0.002,
        5.122,
        -0.009,
        5.233,
        -0.009,
        1,
        5.422,
        -0.009,
        5.611,
        0.012,
        5.8,
        0.012,
        1,
        5.967,
        0.012,
        6.133,
        0.005,
        6.3,
        0.005,
        1,
        6.356,
        0.005,
        6.411,
        0.007,
        6.467,
        0.007,
        1,
        6.722,
        0.007,
        6.978,
        -0.007,
        7.233,
        -0.007,
        1,
        7.489,
        -0.007,
        7.744,
        0.004,
        8,
        0.004
      ]
    },
    {
      "Target": "Parameter",
      "Id": "qianfaBX",
      "Segments": [
        0,
        0,
        2,
        0.033,
        0,
        1,
        0.155,
        0,
        0.278,
        -0.103,
        0.4,
        -0.103,
        1,
        0.811,
        -0.103,
        1.222,
        0.299,
        1.633,
        0.299,
        1,
        1.878,
        0.299,
        2.122,
        -0.304,
        2.367,
        -0.304,
        1,
        2.722,
        -0.304,
        3.078,
        0.2,
        3.433,
        0.2,
        1,
        3.766,
        0.2,
        4.1,
        -0.107,
        4.433,
        -0.107,
        1,
        4.555,
        -0.107,
        4.678,
        -0.024,
        4.8,
        -0.024,
        1,
        4.922,
        -0.024,
        5.045,
        -0.038,
        5.167,
        -0.038,
        1,
        5.389,
        -0.038,
        5.611,
        0.018,
        5.833,
        0.018,
        1,
        5.933,
        0.018,
        6.033,
        0.008,
        6.133,
        0.008,
        1,
        6.289,
        0.008,
        6.444,
        0.019,
        6.6,
        0.019,
        1,
        7.067,
        0.019,
        7.533,
        -0.006,
        8,
        -0.006
      ]
    },
    {
      "Target": "Parameter",
      "Id": "ParamHairSide",
      "Segments": [
        0,
        0,
        2,
        0.033,
        0,
        1,
        0.189,
        0,
        0.344,
        -0.035,
        0.5,
        -0.035,
        1,
        0.911,
        -0.035,
        1.322,
        0.229,
        1.733,
        0.229,
        1,
        1.989,
        0.229,
        2.244,
        -0.282,
        2.5,
        -0.282,
        1,
        2.833,
        -0.282,
        3.167,
        0.146,
        3.5,
        0.146,
        1,
        3.822,
        0.146,
        4.145,
        -0.063,
        4.467,
        -0.063,
        1,
        4.656,
        -0.063,
        4.844,
        0.004,
        5.033,
        0.004,
        1,
        5.166,
        0.004,
        5.3,
        -0.006,
        5.433,
        -0.006,
        1,
        5.611,
        -0.006,
        5.789,
        0.009,
        5.967,
        0.009,
        1,
        6.422,
        0.009,
        6.878,
        -0.008,
        7.333,
        -0.008,
        1,
        7.555,
        -0.008,
        7.778,
        0.004,
        8,
        0.004
      ]
    },
    {
      "Target": "Parameter",
      "Id": "ParamHairBack",
      "Segments": [
        0,
        0,
        2,
        0.033,
        0,
        1,
        0.166,
        0,
        0.3,
        -0.013,
        0.433,
        -0.013,
        1,
        0.844,
        -0.013,
        1.256,
        0.083,
        1.667,
        0.083,
        1,
        1.922,
        0.083,
        2.178,
        -0.087,
        2.433,
        -0.087,
        1,
        2.766,
        -0.087,
        3.1,
        0.049,
        3.433,
        0.049,
        1,
        3.766,
        0.049,
        4.1,
        -0.023,
        4.433,
        -0.023,
        1,
        4.578,
        -0.023,
        4.722,
        0.002,
        4.867,
        0.002,
        1,
        5,
        0.002,
        5.134,
        -0.004,
        5.267,
        -0.004,
        1,
        5.445,
        -0.004,
        5.622,
        0.003,
        5.8,
        0.003,
        1,
        5.967,
        0.003,
        6.133,
        0.001,
        6.3,
        0.001,
        2,
        6.467,
        0.001,
        1,
        6.722,
        0.001,
        6.978,
        -0.003,
        7.233,
        -0.003,
        1,
        7.489,
        -0.003,
        7.744,
        0.001,
        8,
        0.001
      ]
    },
    {
      "Target": "Parameter",
      "Id": "ZSBX",
      "Segments": [
        0,
        0,
        1,
        0.311,
        0,
        0.622,
        -1,
        0.933,
        -1,
        1,
        2.778,
        -1,
        4.622,
        0,
        6.467,
        0,
        2,
        8,
        0
      ]
    },
    {
      "Target": "Parameter",
      "Id": "ZXBXZ",
      "Segments": [
        0,
        0,
        1,
        0.311,
        0,
        0.622,
        -8,
        0.933,
        -8,
        1,
        1.222,
        -8,
        1.511,
        -6,
        1.8,
        -6,
        1,
        2.056,
        -6,
        2.311,
        -6.029,
        2.567,
        -6.56,
        1,
        2.856,
        -7.16,
        3.144,
        -8,
        3.433,
        -8,
        1,
        4.444,
        -8,
        5.456,
        -7.512,
        6.467,
        -6,
        1,
        6.645,
        -5.597,
        6.822,
        -5.84,
        7,
        -2.634,
        1,
        7.333,
        -0.771,
        7.667,
        0,
        8,
        0
      ]
    },
    {
      "Target": "Parameter",
      "Id": "ZSXZ",
      "Segments": [
        0,
        0,
        1,
        0.222,
        0,
        0.445,
        -0.2,
        0.667,
        -0.2,
        1,
        0.867,
        -0.2,
        1.067,
        0.4,
        1.267,
        0.4,
        1,
        1.445,
        0.4,
        1.622,
        0.306,
        1.8,
        0.2,
        1,
        2.056,
        0.048,
        2.311,
        -0.012,
        2.567,
        -0.2,
        1,
        2.856,
        -0.412,
        3.144,
        -0.7,
        3.433,
        -0.7,
        1,
        4.444,
        -0.7,
        5.456,
        -0.411,
        6.467,
        0.3,
        1,
        6.645,
        0.425,
        6.822,
        0.6,
        7,
        0.6,
        1,
        7.333,
        0.01,
        7.667,
        0,
        8,
        0
      ]
    },
    {
      "Target": "Parameter",
      "Id": "ZSQH",
      "Segments": [
        0,
        0,
        2,
        0.733,
        0,
        1,
        0.744,
        0,
        0.756,
        1,
        0.767,
        1,
        2,
        6.967,
        1,
        1,
        6.978,
        1,
        6.989,
        0,
        7,
        0,
        2,
        8,
        0
      ]
    },
    {
      "Target": "Parameter",
      "Id": "zuoshou5",
      "Segments": [
        0,
        0,
        2,
        0.733,
        0,
        1,
        0.744,
        0,
        0.756,
        1,
        0.767,
        1,
        2,
        6.967,
        1,
        1,
        6.978,
        1,
        6.989,
        0,
        7,
        0,
        2,
        8,
        0
      ]
    },
    {
      "Target": "Parameter",
      "Id": "ZSZ01",
      "Segments": [
        0,
        0,
        1,
        0.244,
        0,
        0.489,
        1,
        0.733,
        1,
        1,
        0.744,
        1,
        0.756,
        -1,
        0.767,
        -1,
        2,
        1.5,
        -1,
        1,
        2.144,
        -1,
        2.789,
        -0.632,
        3.433,
        0,
        1,
        4.144,
        0.698,
        4.856,
        1,
        5.567,
        1,
        2,
        6.9,
        1,
        1,
        7.267,
        1,
        7.633,
        0,
        8,
        0
      ]
    },
    {
      "Target": "Parameter",
      "Id": "ZSZ02",
      "Segments": [
        0,
        0,
        1,
        0.244,
        0,
        0.489,
        1,
        0.733,
        1,
        2,
        0.767,
        1,
        1,
        1.011,
        1,
        1.256,
        -1,
        1.5,
        -1,
        1,
        2.144,
        -1,
        2.789,
        1,
        3.433,
        1,
        1,
        4.122,
        1,
        4.811,
        -1,
        5.5,
        -1,
        1,
        5.967,
        -1,
        6.433,
        1,
        6.9,
        1,
        1,
        7.267,
        1,
        7.633,
        0,
        8,
        0
      ]
    },
    {
      "Target": "Parameter",
      "Id": "ZSZ03",
      "Segments": [
        0,
        0,
        1,
        0.244,
        0,
        0.489,
        1,
        0.733,
        1,
        2,
        0.767,
        1,
        1,
        1.011,
        1,
        1.256,
        -1,
        1.5,
        -1,
        1,
        2.144,
        -1,
        2.789,
        1,
        3.433,
        1,
        1,
        4.1,
        1,
        4.766,
        -1,
        5.433,
        -1,
        1,
        5.922,
        -1,
        6.411,
        1,
        6.9,
        1,
        1,
        7.267,
        1,
        7.633,
        0,
        8,
        0
      ]
    },
    {
      "Target": "Parameter",
      "Id": "ZSZ04",
      "Segments": [
        0,
        0,
        1,
        0.244,
        0,
        0.489,
        1,
        0.733,
        1,
        2,
        0.767,
        1,
        1,
        1.011,
        1,
        1.256,
        -1,
        1.5,
        -1,
        1,
        2.144,
        -1,
        2.789,
        1,
        3.433,
        1,
        1,
        4.066,
        1,
        4.7,
        -1,
        5.333,
        -1,
        1,
        5.855,
        -1,
        6.378,
        1,
        6.9,
        1,
        1,
        7.267,
        1,
        7.633,
        0,
        8,
        0
      ]
    },
    {
      "Target": "Parameter",
      "Id": "YBXZ",
      "Segments": [
        0,
        0,
        1,
        0.311,
        0,
        0.622,
        5,
        0.933,
        5,
        1,
        1.555,
        5,
        2.178,
        3.307,
        2.8,
        1,
        1,
        3.156,
        -0.318,
        3.511,
        -0.6,
        3.867,
        -0.6,
        1,
        4.289,
        -0.6,
        4.711,
        6,
        5.133,
        6,
        1,
        5.578,
        6,
        6.022,
        6.132,
        6.467,
        5,
        1,
        6.978,
        3.698,
        7.489,
        0,
        8,
        0
      ]
    },
    {
      "Target": "Parameter",
      "Id": "YXBXZ",
      "Segments": [
        0,
        0,
        1,
        0.311,
        0,
        0.622,
        -0.27,
        0.933,
        1,
        1,
        1.555,
        3.539,
        2.178,
        8,
        2.8,
        8,
        1,
        3.156,
        8,
        3.511,
        7.913,
        3.867,
        7.4,
        1,
        4.289,
        6.791,
        4.711,
        5.986,
        5.133,
        5,
        1,
        5.578,
        3.962,
        6.022,
        1.786,
        6.467,
        1,
        1,
        6.978,
        0.096,
        7.489,
        0,
        8,
        0
      ]
    },
    {
      "Target": "Parameter",
      "Id": "YSXZ",
      "Segments": [
        0,
        0,
        1,
        0.933,
        0,
        1.867,
        -0.7,
        2.8,
        -0.7,
        1,
        3.156,
        -0.7,
        3.511,
        -0.693,
        3.867,
        -0.6,
        1,
        5.245,
        -0.24,
        6.622,
        0,
        8,
        0
      ]
    },
    {
      "Target": "Parameter",
      "Id": "YOUSHOUx",
      "Segments": [
        0,
        0,
        1,
        1.289,
        0,
        2.578,
        -1,
        3.867,
        -1,
        1,
        5.245,
        -1,
        6.622,
        0,
        8,
        0
      ]
    },
    {
      "Target": "Parameter",
      "Id": "youshouY",
      "Segments": [
        0,
        0,
        1,
        0.633,
        0,
        1.267,
        1,
        1.9,
        1,
        1,
        2.978,
        1,
        4.055,
        -1,
        5.133,
        -1,
        1,
        6.089,
        -1,
        7.044,
        0,
        8,
        0
      ]
    },
    {
      "Target": "Parameter",
      "Id": "YSZ1",
      "Segments": [
        0,
        0,
        1,
        0.422,
        0,
        0.845,
        1,
        1.267,
        1,
        1,
        1.478,
        1,
        1.689,
        -1,
        1.9,
        -1,
        1,
        2.556,
        -1,
        3.211,
        1,
        3.867,
        1,
        1,
        4.689,
        1,
        5.511,
        0.782,
        6.333,
        0.3,
        1,
        6.644,
        0.118,
        6.956,
        0,
        7.267,
        0,
        2,
        8,
        0
      ]
    },
    {
      "Target": "Parameter",
      "Id": "YSZ2",
      "Segments": [
        0,
        0,
        1,
        0.422,
        0,
        0.845,
        1,
        1.267,
        1,
        1,
        1.478,
        1,
        1.689,
        -1,
        1.9,
        -1,
        1,
        2.556,
        -1,
        3.211,
        1,
        3.867,
        1,
        1,
        4.689,
        1,
        5.511,
        0.897,
        6.333,
        0.3,
        1,
        6.644,
        0.074,
        6.956,
        -1,
        7.267,
        -1,
        1,
        7.511,
        -1,
        7.756,
        0,
        8,
        0
      ]
    },
    {
      "Target": "Parameter",
      "Id": "YSZ3",
      "Segments": [
        0,
        0,
        1,
        0.422,
        0,
        0.845,
        1,
        1.267,
        1,
        1,
        1.478,
        1,
        1.689,
        -1,
        1.9,
        -1,
        1,
        2.556,
        -1,
        3.211,
        1,
        3.867,
        1,
        1,
        4.689,
        1,
        5.511,
        0.897,
        6.333,
        0.3,
        1,
        6.644,
        0.074,
        6.956,
        -1,
        7.267,
        -1,
        1,
        7.511,
        -1,
        7.756,
        0,
        8,
        0
      ]
    },
    {
      "Target": "Parameter",
      "Id": "YSZ4",
      "Segments": [
        0,
        0,
        1,
        0.422,
        0,
        0.845,
        1,
        1.267,
        1,
        1,
        1.478,
        1,
        1.689,
        -1,
        1.9,
        -1,
        1,
        2.556,
        -1,
        3.211,
        1,
        3.867,
        1,
        1,
        4.289,
        1,
        4.711,
        0.786,
        5.133,
        0.6,
        1,
        5.533,
        0.424,
        5.933,
        0.415,
        6.333,
        0.2,
        1,
        6.644,
        0.033,
        6.956,
        -1,
        7.267,
        -1,
        1,
        7.511,
        -1,
        7.756,
        0,
        8,
        0
      ]
    },
    {
      "Target": "Parameter",
      "Id": "YSZ5",
      "Segments": [
        0,
        0,
        1,
        0.2,
        0,
        0.4,
        -0.015,
        0.6,
        0.2,
        1,
        0.822,
        0.439,
        1.045,
        1,
        1.267,
        1,
        1,
        1.478,
        1,
        1.689,
        -1,
        1.9,
        -1,
        1,
        2.344,
        -1,
        2.789,
        -0.279,
        3.233,
        0.2,
        1,
        3.866,
        0.883,
        4.5,
        1,
        5.133,
        1,
        1,
        5.355,
        1,
        5.578,
        0.285,
        5.8,
        0.2,
        1,
        5.978,
        0.132,
        6.155,
        0.18,
        6.333,
        0.1,
        1,
        6.644,
        -0.041,
        6.956,
        -1,
        7.267,
        -1,
        1,
        7.511,
        -1,
        7.756,
        0,
        8,
        0
      ]
    },
    {
      "Target": "Parameter",
      "Id": "YSSZTC",
      "Segments": [
        0,
        0,
        2,
        3.867,
        0,
        1,
        3.878,
        0,
        3.889,
        1,
        3.9,
        1,
        2,
        7,
        1,
        1,
        7.333,
        1,
        7.667,
        0,
        8,
        0
      ]
    },
    {
      "Target": "Parameter",
      "Id": "YSZTC",
      "Segments": [
        0,
        0,
        2,
        3.867,
        0,
        1,
        3.878,
        0,
        3.889,
        1,
        3.9,
        1,
        2,
        7,
        1,
        1,
        7.333,
        1,
        7.667,
        0,
        8,
        0
      ]
    },
    {
      "Target": "Parameter",
      "Id": "ZTXZ",
      "Segments": [
        0,
        0,
        1,
        0.311,
        0,
        0.622,
        -3.751,
        0.933,
        -4,
        1,
        2.844,
        -5.53,
        4.756,
        -6,
        6.667,
        -6,
        1,
        7.111,
        -6,
        7.556,
        0,
        8,
        0
      ]
    },
    {
      "Target": "Parameter",
      "Id": "ZXTXZ",
      "Segments": [
        0,
        0,
        1,
        0.333,
        0,
        0.667,
        5,
        1,
        5,
        1,
        1.956,
        5,
        2.911,
        0,
        3.867,
        0,
        2,
        8,
        0
      ]
    },
    {
      "Target": "Parameter",
      "Id": "ZJXZ",
      "Segments": [
        0,
        0,
        1,
        1.267,
        0,
        2.533,
        -0.5,
        3.8,
        -0.5,
        1,
        5.2,
        -0.5,
        6.6,
        0,
        8,
        0
      ]
    },
    {
      "Target": "Parameter",
      "Id": "zuojiaoTX",
      "Segments": [
        0,
        1,
        1,
        0.2,
        1,
        0.4,
        0,
        0.6,
        0,
        1,
        1.033,
        0,
        1.467,
        1,
        1.9,
        1,
        1,
        2.556,
        1,
        3.211,
        0.4,
        3.867,
        0.4,
        1,
        4.511,
        0.4,
        5.156,
        1,
        5.8,
        1,
        2,
        8,
        1
      ]
    },
    {
      "Target": "Parameter",
      "Id": "YTXZ",
      "Segments": [
        0,
        0,
        1,
        0.311,
        0,
        0.622,
        6,
        0.933,
        6,
        1,
        2.844,
        6,
        4.756,
        -5,
        6.667,
        -5,
        1,
        7.111,
        -5,
        7.556,
        0,
        8,
        0
      ]
    },
    {
      "Target": "Parameter",
      "Id": "YJXZ",
      "Segments": [
        0,
        0,
        1,
        0.778,
        0,
        1.555,
        -0.6,
        2.333,
        -0.6,
        1,
        3.222,
        -0.6,
        4.111,
        -0.5,
        5,
        -0.5,
        1,
        5.544,
        -0.5,
        6.089,
        -1,
        6.633,
        -1,
        1,
        7.089,
        -1,
        7.544,
        0,
        8,
        0
      ]
    },
    {
      "Target": "Parameter",
      "Id": "shufanye",
      "Segments": [
        0,
        0,
        1,
        0.2,
        0,
        0.4,
        0.5,
        0.6,
        0.5,
        1,
        1,
        0.5,
        1.4,
        -1,
        1.8,
        -1,
        1,
        2.056,
        -1,
        2.311,
        -0.953,
        2.567,
        -0.953,
        1,
        3,
        -0.953,
        3.434,
        -1,
        3.867,
        -1,
        1,
        4.445,
        -1,
        5.022,
        -1.012,
        5.6,
        -0.685,
        1,
        6.1,
        -0.402,
        6.6,
        0.5,
        7.1,
        0.5,
        1,
        7.4,
        0.5,
        7.7,
        0,
        8,
        0
      ]
    },
    {
      "Target": "Parameter",
      "Id": "shuqianPD",
      "Segments": [
        0,
        0,
        1,
        0.422,
        0,
        0.845,
        -1,
        1.267,
        -1,
        1,
        1.7,
        -1,
        2.134,
        1,
        2.567,
        1,
        1,
        3,
        1,
        3.434,
        -0.581,
        3.867,
        -0.581,
        1,
        4.289,
        -0.581,
        4.711,
        1,
        5.133,
        1,
        1,
        5.578,
        1,
        6.022,
        -1,
        6.467,
        -1,
        1,
        6.978,
        -1,
        7.489,
        0,
        8,
        0
      ]
    },
    {
      "Target": "Parameter",
      "Id": "shiwuhe",
      "Segments": [
        0,
        0,
        1,
        0.422,
        0,
        0.845,
        -1,
        1.267,
        -1,
        1,
        2.134,
        -1,
        3,
        1,
        3.867,
        1,
        1,
        4.734,
        1,
        5.6,
        -1,
        6.467,
        -1,
        1,
        6.978,
        -1,
        7.489,
        0,
        8,
        0
      ]
    },
    {
      "Target": "Parameter",
      "Id": "SWHBZ",
      "Segments": [
        0,
        0,
        1,
        0.2,
        0,
        0.4,
        0.277,
        0.6,
        0.277,
        1,
        1.256,
        0.277,
        1.911,
        -0.381,
        2.567,
        -0.381,
        1,
        3.422,
        -0.381,
        4.278,
        0.237,
        5.133,
        0.237,
        1,
        5.789,
        0.237,
        6.444,
        -0.1,
        7.1,
        -0.1,
        1,
        7.4,
        -0.1,
        7.7,
        0,
        8,
        0
      ]
    },
    {
      "Target": "Parameter",
      "Id": "PCDYB",
      "Segments": [
        0,
        0,
        1,
        0.2,
        0,
        0.4,
        1,
        0.6,
        1,
        1,
        1,
        1,
        1.4,
        -1,
        1.8,
        -1,
        1,
        2.311,
        -1,
        2.822,
        1,
        3.333,
        1,
        1,
        3.855,
        1,
        4.378,
        -0.7,
        4.9,
        -0.7,
        1,
        5.311,
        -0.7,
        5.722,
        1,
        6.133,
        1,
        1,
        6.5,
        1,
        6.866,
        -0.6,
        7.233,
        -0.6,
        1,
        7.489,
        -0.6,
        7.744,
        0,
        8,
        0
      ]
    },
    {
      "Target": "Parameter",
      "Id": "PGYYTMD",
      "Segments": [
        0,
        0,
        1,
        0.133,
        0,
        0.267,
        1,
        0.4,
        1,
        2,
        7.533,
        1,
        1,
        7.689,
        1,
        7.844,
        0,
        8,
        0
      ]
    },
    {
      "Target": "Parameter",
      "Id": "zongxie",
      "Segments": [
        0,
        0,
        1,
        0.633,
        0,
        1.267,
        -1,
        1.9,
        -1,
        1,
        2.822,
        -1,
        3.745,
        0.5,
        4.667,
        0.5,
        1,
        5.378,
        0.5,
        6.089,
        -0.5,
        6.8,
        -0.5,
        1,
        7.2,
        -0.5,
        7.6,
        0,
        8,
        0
      ]
    },
    {
      "Target": "Parameter",
      "Id": "MZPDJD",
      "Segments": [
        0,
        0,
        2,
        0.9,
        0,
        1,
        1.233,
        -0.235,
        1.567,
        -0.4,
        1.9,
        -0.4,
        1,
        2.211,
        -0.4,
        2.522,
        -0.304,
        2.833,
        0,
        1,
        3.122,
        0.283,
        3.411,
        0.5,
        3.7,
        0.5,
        1,
        4.033,
        0.5,
        4.367,
        0.328,
        4.7,
        0,
        1,
        5.044,
        -0.339,
        5.389,
        -0.5,
        5.733,
        -0.5,
        1,
        6.111,
        -0.5,
        6.489,
        0,
        6.867,
        0,
        2,
        8,
        0
      ]
    },
    {
      "Target": "Parameter",
      "Id": "MZPDBX",
      "Segments": [
        0,
        0,
        1,
        0.3,
        0,
        0.6,
        0.5,
        0.9,
        0.5,
        1,
        1.233,
        0.5,
        1.567,
        0.449,
        1.9,
        0,
        1,
        2.211,
        -0.419,
        2.522,
        -1,
        2.833,
        -1,
        1,
        3.122,
        -1,
        3.411,
        -0.719,
        3.7,
        -0.1,
        1,
        4.033,
        0.614,
        4.367,
        1,
        4.7,
        1,
        1,
        5.044,
        1,
        5.389,
        0.635,
        5.733,
        0,
        1,
        6.111,
        -0.696,
        6.489,
        -1,
        6.867,
        -1,
        1,
        7.245,
        -1,
        7.622,
        0,
        8,
        0
      ]
    },
    {
      "Target": "Parameter",
      "Id": "pancizhezou",
      "Segments": [
        0,
        0,
        1,
        0.356,
        0,
        0.711,
        -1,
        1.067,
        -1,
        1,
        1.611,
        -1,
        2.156,
        1,
        2.7,
        1,
        1,
        3.311,
        1,
        3.922,
        -1,
        4.533,
        -1,
        1,
        5.078,
        -1,
        5.622,
        1,
        6.167,
        1,
        1,
        6.778,
        1,
        7.389,
        0,
        8,
        0
      ]
    },
    {
      "Target": "Parameter",
      "Id": "toushizhezou",
      "Segments": [
        0,
        0,
        1,
        0.233,
        0,
        0.467,
        -0.686,
        0.7,
        -0.686,
        1,
        1.133,
        -0.686,
        1.567,
        0.642,
        2,
        0.642,
        1,
        2.489,
        0.642,
        2.978,
        -0.686,
        3.467,
        -0.686,
        1,
        3.911,
        -0.686,
        4.356,
        0.642,
        4.8,
        0.642,
        1,
        5.289,
        0.642,
        5.778,
        -0.686,
        6.267,
        -0.686,
        1,
        6.845,
        -0.686,
        7.422,
        0,
        8,
        0
      ]
    },
    {
      "Target": "Parameter",
      "Id": "zongSX",
      "Segments": [
        0,
        0,
        1,
        1.933,
        0,
        3.867,
        10,
        5.8,
        10,
        1,
        6.533,
        10,
        7.267,
        0,
        8,
        0
      ]
    },
    {
      "Target": "Parameter",
      "Id": "zongjiaodi",
      "Segments": [
        0,
        0,
        1,
        0.667,
        0,
        1.333,
        1,
        2,
        1,
        1,
        4,
        1,
        6,
        0,
        8,
        0
      ]
    },
    {
      "Target": "Parameter",
      "Id": "XSDSX",
      "Segments": [
        0,
        0,
        1,
        0.2,
        0,
        0.4,
        -1,
        0.6,
        -1,
        1,
        0.889,
        -1,
        1.178,
        1,
        1.467,
        1,
        1,
        1.689,
        1,
        1.911,
        -0.718,
        2.133,
        -0.718,
        1,
        2.389,
        -0.718,
        2.644,
        0.304,
        2.9,
        0.304,
        1,
        3.122,
        0.304,
        3.345,
        -0.412,
        3.567,
        -0.412,
        1,
        3.834,
        -0.412,
        4.1,
        0.304,
        4.367,
        0.304,
        1,
        4.611,
        0.304,
        4.856,
        -0.412,
        5.1,
        -0.412,
        1,
        5.333,
        -0.412,
        5.567,
        0.304,
        5.8,
        0.304,
        1,
        6.067,
        0.304,
        6.333,
        -0.541,
        6.6,
        -0.541,
        1,
        6.856,
        -0.541,
        7.111,
        0.641,
        7.367,
        0.641,
        1,
        7.578,
        0.641,
        7.789,
        0,
        8,
        0
      ]
    },
    {
      "Target": "Parameter",
      "Id": "oupaijiya",
      "Segments": [
        0,
        0,
        1,
        0.333,
        0,
        0.667,
        0.6,
        1,
        0.6,
        1,
        1.622,
        0.6,
        2.245,
        0.578,
        2.867,
        0.2,
        1,
        3.222,
        -0.016,
        3.578,
        -1,
        3.933,
        -1,
        1,
        4.278,
        -1,
        4.622,
        -0.4,
        4.967,
        -0.4,
        1,
        5.245,
        -0.4,
        5.522,
        -1,
        5.8,
        -1,
        1,
        6.022,
        -1,
        6.245,
        0,
        6.467,
        0,
        2,
        8,
        0
      ]
    },
    {
      "Target": "Parameter",
      "Id": "ZBXZ",
      "Segments": [
        0,
        0,
        1,
        0.311,
        0,
        0.622,
        -5,
        0.933,
        -5,
        2,
        1.8,
        -5,
        1,
        2.344,
        -5,
        2.889,
        -7,
        3.433,
        -7,
        1,
        4.444,
        -7,
        5.456,
        2,
        6.467,
        2,
        1,
        6.978,
        2,
        7.489,
        0,
        8,
        0
      ]
    },
    {
      "Target": "Parameter",
      "Id": "yifujiaodu",
      "Segments": [
        0,
        0,
        1,
        0.2,
        0,
        0.4,
        0.173,
        0.6,
        0.173,
        1,
        1.044,
        0.173,
        1.489,
        -0.158,
        1.933,
        -0.158,
        1,
        2.389,
        -0.158,
        2.844,
        0.136,
        3.3,
        0.136,
        1,
        3.722,
        0.136,
        4.145,
        -0.093,
        4.567,
        -0.093,
        1,
        4.989,
        -0.093,
        5.411,
        0.014,
        5.833,
        0.014,
        1,
        6.211,
        0.014,
        6.589,
        -0.133,
        6.967,
        -0.133,
        1,
        7.311,
        -0.133,
        7.656,
        0,
        8,
        0
      ]
    },
    {
      "Target": "Parameter",
      "Id": "yifubianxin",
      "Segments": [
        0,
        0,
        1,
        0.444,
        0,
        0.889,
        1,
        1.333,
        1,
        1,
        1.8,
        1,
        2.266,
        -1,
        2.733,
        -1,
        1,
        3.155,
        -1,
        3.578,
        1,
        4,
        1,
        1,
        4.422,
        1,
        4.845,
        0,
        5.267,
        0,
        1,
        5.656,
        0,
        6.044,
        0.9,
        6.433,
        0.9,
        1,
        6.955,
        0.9,
        7.478,
        0,
        8,
        0
      ]
    },
    {
      "Target": "Parameter",
      "Id": "piaodaijiaodu",
      "Segments": [
        0,
        0,
        1,
        0.167,
        0,
        0.333,
        -1,
        0.5,
        -1,
        1,
        0.722,
        -1,
        0.945,
        0.5,
        1.167,
        0.5,
        1,
        1.767,
        0.5,
        2.367,
        -1,
        2.967,
        -1,
        1,
        3.711,
        -1,
        4.456,
        1,
        5.2,
        1,
        1,
        5.9,
        1,
        6.6,
        -1,
        7.3,
        -1,
        1,
        7.533,
        -1,
        7.767,
        0,
        8,
        0
      ]
    },
    {
      "Target": "Parameter",
      "Id": "piaodaibianxing",
      "Segments": [
        0,
        0,
        1,
        0.633,
        0,
        1.267,
        1,
        1.9,
        1,
        1,
        2.589,
        1,
        3.278,
        -1,
        3.967,
        -1,
        1,
        4.756,
        -1,
        5.544,
        1,
        6.333,
        1,
        1,
        6.889,
        1,
        7.444,
        0,
        8,
        0
      ]
    },
    {
      "Target": "Parameter",
      "Id": "houfa1jiaodu",
      "Segments": [
        0,
        0,
        1,
        0.422,
        0,
        0.845,
        0.3,
        1.267,
        0.3,
        1,
        2.122,
        0.3,
        2.978,
        -0.3,
        3.833,
        -0.3,
        1,
        4.833,
        -0.3,
        5.833,
        0.106,
        6.833,
        0.106,
        1,
        7.222,
        0.106,
        7.611,
        0,
        8,
        0
      ]
    },
    {
      "Target": "Parameter",
      "Id": "houfa1bianxin",
      "Segments": [
        0,
        0,
        1,
        0.422,
        0,
        0.845,
        -0.2,
        1.267,
        -0.2,
        1,
        1.7,
        -0.2,
        2.134,
        0.4,
        2.567,
        0.4,
        1,
        3.478,
        0.4,
        4.389,
        -0.405,
        5.3,
        -0.405,
        1,
        6.2,
        -0.405,
        7.1,
        0,
        8,
        0
      ]
    },
    {
      "Target": "Parameter",
      "Id": "houfa2jiaodu",
      "Segments": [
        0,
        0,
        1,
        0.644,
        0,
        1.289,
        -0.729,
        1.933,
        -0.729,
        1,
        2.833,
        -0.729,
        3.733,
        0.424,
        4.633,
        0.424,
        1,
        5.755,
        0.424,
        6.878,
        0,
        8,
        0
      ]
    },
    {
      "Target": "Parameter",
      "Id": "houfa2bianxing",
      "Segments": [
        0,
        0,
        1,
        0.256,
        0,
        0.511,
        0.419,
        0.767,
        0.419,
        1,
        1.567,
        0.419,
        2.367,
        -0.721,
        3.167,
        -0.721,
        1,
        4.156,
        -0.721,
        5.144,
        0.266,
        6.133,
        0.266,
        1,
        6.755,
        0.266,
        7.378,
        0,
        8,
        0
      ]
    },
    {
      "Target": "Parameter",
      "Id": "houfa3jiaodu",
      "Segments": [
        0,
        0,
        1,
        0.544,
        0,
        1.089,
        0.841,
        1.633,
        0.841,
        1,
        2.255,
        0.841,
        2.878,
        -0.719,
        3.5,
        -0.719,
        1,
        4.133,
        -0.719,
        4.767,
        0.511,
        5.4,
        0.511,
        1,
        6.267,
        0.511,
        7.133,
        0,
        8,
        0
      ]
    },
    {
      "Target": "Parameter",
      "Id": "houfa3bianxing",
      "Segments": [
        0,
        0,
        1,
        0.289,
        0,
        0.578,
        -0.75,
        0.867,
        -0.75,
        1,
        1.445,
        -0.75,
        2.022,
        0.807,
        2.6,
        0.807,
        1,
        3.211,
        0.807,
        3.822,
        -0.517,
        4.433,
        -0.517,
        1,
        5.066,
        -0.517,
        5.7,
        0.545,
        6.333,
        0.545,
        1,
        6.889,
        0.545,
        7.444,
        0,
        8,
        0
      ]
    },
    {
      "Target": "Parameter",
      "Id": "houfa4jiaodu",
      "Segments": [
        0,
        0,
        1,
        0.378,
        0,
        0.755,
        -0.51,
        1.133,
        -0.51,
        1,
        1.678,
        -0.51,
        2.222,
        0.296,
        2.767,
        0.296,
        1,
        3.678,
        0.296,
        4.589,
        -0.244,
        5.5,
        -0.244,
        1,
        6.333,
        -0.244,
        7.167,
        0,
        8,
        0
      ]
    },
    {
      "Target": "Parameter",
      "Id": "houfa4bianxing",
      "Segments": [
        0,
        0,
        1,
        0.422,
        0,
        0.845,
        -0.312,
        1.267,
        -0.312,
        1,
        2.067,
        -0.312,
        2.867,
        0.287,
        3.667,
        0.287,
        1,
        4.778,
        0.287,
        5.889,
        -0.146,
        7,
        -0.146,
        1,
        7.333,
        -0.146,
        7.667,
        0,
        8,
        0
      ]
    },
    {
      "Target": "Parameter",
      "Id": "houfa5jiaodu",
      "Segments": [
        0,
        0,
        1,
        0.422,
        0,
        0.845,
        0.645,
        1.267,
        0.645,
        1,
        1.911,
        0.645,
        2.556,
        -0.755,
        3.2,
        -0.755,
        1,
        3.789,
        -0.755,
        4.378,
        0.839,
        4.967,
        0.839,
        1,
        5.578,
        0.839,
        6.189,
        -0.452,
        6.8,
        -0.452,
        1,
        7.2,
        -0.452,
        7.6,
        0,
        8,
        0
      ]
    },
    {
      "Target": "Parameter",
      "Id": "houfa5bianxing",
      "Segments": [
        0,
        0,
        1,
        0.256,
        0,
        0.511,
        0.829,
        0.767,
        0.829,
        1,
        1.311,
        0.829,
        1.856,
        -0.874,
        2.4,
        -0.874,
        1,
        3.011,
        -0.874,
        3.622,
        0.628,
        4.233,
        0.628,
        1,
        4.733,
        0.628,
        5.233,
        -1,
        5.733,
        -1,
        1,
        6.489,
        -1,
        7.244,
        0,
        8,
        0
      ]
    },
    {
      "Target": "Parameter",
      "Id": "ParamAngleZ",
      "Segments": [
        0,
        0,
        0,
        8,
        0
      ]
    },
    {
      "Target": "Parameter",
      "Id": "ParamEyeLSmile",
      "Segments": [
        0,
        0,
        0,
        8,
        0
      ]
    },
    {
      "Target": "Parameter",
      "Id": "ParamEyeRSmile",
      "Segments": [
        0,
        0,
        0,
        8,
        0
      ]
    },
    {
      "Target": "Parameter",
      "Id": "ParamEyeBallX",
      "Segments": [
        0,
        0,
        0,
        8,
        0
      ]
    },
    {
      "Target": "Parameter",
      "Id": "mudaxiao",
      "Segments": [
        0,
        0,
        0,
        8,
        0
      ]
    },
    {
      "Target": "Parameter",
      "Id": "gaoguangqiehuang",
      "Segments": [
        0,
        0,
        0,
        8,
        0
      ]
    },
    {
      "Target": "Parameter",
      "Id": "ParamBrowLAngle",
      "Segments": [
        0,
        0,
        0,
        8,
        0
      ]
    },
    {
      "Target": "Parameter",
      "Id": "ParamBrowRAngle",
      "Segments": [
        0,
        0,
        0,
        8,
        0
      ]
    },
    {
      "Target": "Parameter",
      "Id": "ParamBrowLForm",
      "Segments": [
        0,
        0,
        0,
        8,
        0
      ]
    },
    {
      "Target": "Parameter",
      "Id": "ParamBrowRForm",
      "Segments": [
        0,
        0,
        0,
        8,
        0
      ]
    },
    {
      "Target": "Parameter",
      "Id": "ParamMouthOpenY",
      "Segments": [
        0,
        0,
        0,
        8,
        0
      ]
    },
    {
      "Target": "Parameter",
      "Id": "koudaxiao",
      "Segments": [
        0,
        0,
        0,
        8,
        0
      ]
    },
    {
      "Target": "Parameter",
      "Id": "kouqiehuan",
      "Segments": [
        0,
        0,
        0,
        8,
        0
      ]
    },
    {
      "Target": "Parameter",
      "Id": "CZDH",
      "Segments": [
        0,
        0,
        0,
        8,
        0
      ]
    },
    {
      "Target": "Parameter",
      "Id": "ParamCheek",
      "Segments": [
        0,
        0,
        0,
        8,
        0
      ]
    },
    {
      "Target": "Parameter",
      "Id": "zuobitc",
      "Segments": [
        0,
        0,
        0,
        8,
        0
      ]
    },
    {
      "Target": "Parameter",
      "Id": "ZXBX",
      "Segments": [
        0,
        0,
        0,
        8,
        0
      ]
    },
    {
      "Target": "Parameter",
      "Id": "zuoshou2",
      "Segments": [
        0,
        0,
        0,
        8,
        0
      ]
    },
    {
      "Target": "Parameter",
      "Id": "zuoshou3",
      "Segments": [
        0,
        0,
        0,
        8,
        0
      ]
    },
    {
      "Target": "Parameter",
      "Id": "zuoshou4",
      "Segments": [
        0,
        0,
        0,
        8,
        0
      ]
    },
    {
      "Target": "Parameter",
      "Id": "ZBTS",
      "Segments": [
        0,
        0,
        0,
        8,
        0
      ]
    },
    {
      "Target": "Parameter",
      "Id": "zuoshouX",
      "Segments": [
        0,
        0,
        0,
        8,
        0
      ]
    },
    {
      "Target": "Parameter",
      "Id": "zuoshouY",
      "Segments": [
        0,
        0,
        0,
        8,
        0
      ]
    },
    {
      "Target": "Parameter",
      "Id": "zsz5",
      "Segments": [
        0,
        0,
        0,
        8,
        0
      ]
    },
    {
      "Target": "Parameter",
      "Id": "YXBQH",
      "Segments": [
        0,
        0,
        0,
        8,
        0
      ]
    },
    {
      "Target": "Parameter",
      "Id": "BTYBZY",
      "Segments": [
        0,
        0,
        0,
        8,
        0
      ]
    },
    {
      "Target": "Parameter",
      "Id": "BTYBSX",
      "Segments": [
        0,
        0,
        0,
        8,
        0
      ]
    },
    {
      "Target": "Parameter",
      "Id": "BTYBJD",
      "Segments": [
        0,
        0,
        0,
        8,
        0
      ]
    },
    {
      "Target": "Parameter",
      "Id": "YXBX",
      "Segments": [
        0,
        0,
        0,
        8,
        0
      ]
    },
    {
      "Target": "Parameter",
      "Id": "ZTXQM",
      "Segments": [
        0,
        0,
        0,
        8,
        0
      ]
    },
    {
      "Target": "Parameter",
      "Id": "zuotuoxieQH",
      "Segments": [
        0,
        0,
        0,
        8,
        0
      ]
    },
    {
      "Target": "Parameter",
      "Id": "ZTXX",
      "Segments": [
        0,
        0,
        0,
        8,
        0
      ]
    },
    {
      "Target": "Parameter",
      "Id": "ZTXY",
      "Segments": [
        0,
        0,
        0,
        8,
        0
      ]
    },
    {
      "Target": "Parameter",
      "Id": "ZTXJD",
      "Segments": [
        0,
        0,
        0,
        8,
        0
      ]
    },
    {
      "Target": "Parameter",
      "Id": "YXTXZ",
      "Segments": [
        0,
        0,
        0,
        8,
        0
      ]
    },
    {
      "Target": "Parameter",
      "Id": "panciTDX",
      "Segments": [
        0,
        0,
        0,
        8,
        0
      ]
    },
    {
      "Target": "Parameter",
      "Id": "PANCITDY",
      "Segments": [
        0,
        0,
        0,
        8,
        0
      ]
    },
    {
      "Target": "Parameter",
      "Id": "pancirou",
      "Segments": [
        0,
        0,
        0,
        8,
        0
      ]
    },
    {
      "Target": "Parameter",
      "Id": "ZXtuodong",
      "Segments": [
        0,
        0,
        0,
        8,
        0
      ]
    },
    {
      "Target": "Parameter",
      "Id": "TTQDYK",
      "Segments": [
        0,
        0,
        0,
        8,
        0
      ]
    },
    {
      "Target": "Parameter",
      "Id": "TTQqiehuan",
      "Segments": [
        0,
        0,
        0,
        8,
        0
      ]
    },
    {
      "Target": "Parameter",
      "Id": "TTQZY",
      "Segments": [
        0,
        -10,
        0,
        8,
        -10
      ]
    },
    {
      "Target": "Parameter",
      "Id": "TTQSX",
      "Segments": [
        0,
        0,
        0,
        8,
        0
      ]
    },
    {
      "Target": "Parameter",
      "Id": "TTQJD",
      "Segments": [
        0,
        0,
        0,
        8,
        0
      ]
    },
    {
      "Target": "Parameter",
      "Id": "TTQYC",
      "Segments": [
        0,
        0,
        0,
        8,
        0
      ]
    },
    {
      "Target": "Parameter",
      "Id": "GYJS",
      "Segments": [
        0,
        0,
        0,
        8,
        0
      ]
    },
    {
      "Target": "Parameter",
      "Id": "GYHZ",
      "Segments": [
        0,
        0,
        0,
        8,
        0
      ]
    },
    {
      "Target": "Parameter",
      "Id": "GYDX",
      "Segments": [
        0,
        0,
        0,
        8,
        0
      ]
    },
    {
      "Target": "Parameter",
      "Id": "GYZUOYOU",
      "Segments": [
        0,
        0,
        0,
        8,
        0
      ]
    },
    {
      "Target": "Parameter",
      "Id": "GYSHANGXIA",
      "Segments": [
        0,
        0,
        0,
        8,
        0
      ]
    },
    {
      "Target": "Parameter",
      "Id": "guangyunZQ",
      "Segments": [
        0,
        0,
        0,
        8,
        0
      ]
    },
    {
      "Target": "Parameter",
      "Id": "GYTMD",
      "Segments": [
        0,
        0,
        0,
        8,
        0
      ]
    },
    {
      "Target": "Parameter",
      "Id": "ParamBodyAngleY",
      "Segments": [
        0,
        0,
        0,
        8,
        0
      ]
    },
    {
      "Target": "Parameter",
      "Id": "YYjiashen",
      "Segments": [
        0,
        0,
        0,
        8,
        0
      ]
    },
    {
      "Target": "Parameter",
      "Id": "TYYTMD",
      "Segments": [
        0,
        1,
        0,
        8,
        1
      ]
    },
    {
      "Target": "Parameter",
      "Id": "zongti",
      "Segments": [
        0,
        0,
        0,
        8,
        0
      ]
    },
    {
      "Target": "Parameter",
      "Id": "fubu",
      "Segments": [
        0,
        0,
        0,
        8,
        0
      ]
    },
    {
      "Target": "Parameter",
      "Id": "zuodatuiBX",
      "Segments": [
        0,
        0,
        0,
        8,
        0
      ]
    },
    {
      "Target": "Parameter",
      "Id": "youdatuiBX",
      "Segments": [
        0,
        0,
        0,
        8,
        0
      ]
    },
    {
      "Target": "Parameter",
      "Id": "chizuiba",
      "Segments": [
        0,
        0,
        0,
        8,
        0
      ]
    },
    {
      "Target": "Parameter",
      "Id": "zongZY",
      "Segments": [
        0,
        0,
        0,
        8,
        0
      ]
    },
    {
      "Target": "Parameter",
      "Id": "PGZY",
      "Segments": [
        0,
        0,
        0,
        8,
        0
      ]
    },
    {
      "Target": "Parameter",
      "Id": "jianweizi",
      "Segments": [
        0,
        0,
        0,
        8,
        0
      ]
    },
    {
      "Target": "2935860712",
      "Id": "2935860712",
      "Segments": [
        0,
        1,
        0,
        8,
        1
      ]
    }
  ],
  "UserData": [
    {
      "Time": 7.5,
      "Value": ""
    }
  ]
}